0,207,826.3248842876633
-1.466827700194718,-0.843842152835028,0.0,-1.37319203431997,23.60101014490711,18357.333224841124,0.0,826.3248842876633,0,-7.046621688444996,-1.9610122735194337,0.26377724405554315,-0.49734546523395773,0.0,0.0,0.0,0.01
0.4628608463792965,-4.349725859473722,0.0,-1.414444999208679,23.816758354376123,25604.027009442714,4.001864371921368,822.323019915742,0,-5.187024099186897,-5.240362146896946,2.276567368574035,-4.063816879208478,0.0,0.0,0.0,0.01
2.1912123434959345,-7.969808194225237,0.0,-1.4265738992814332,23.993210050668704,42302.77959641634,8.013372194170415,818.3115120934929,0,-3.207243223638717,-8.753830026830194,4.305683101198533,-7.662721988211786,0.0,0.0,0.0,0.01
3.706427715425698,-11.710799912606307,0.0,-1.4134531914813637,24.086998123502763,121624.73571006308,12.0495704871595,814.2753138005038,0,-1.1208218591613648,-12.476665090959038,6.34996795515115,-11.291390187482838,0.0,0.0,0.0,0.01
4.989491246547391,-15.583415305864198,0.0,-1.3429876298344083,24.140076524798474,138979.08973190363,16.129203069757157,810.1956812179061,0,1.115005528618238,-16.481649367496072,8.330455544134082,-14.808869172708652,0.0,0.0,0.0,0.01
6.2054972776316255,-19.493932137901492,0.0,-1.2328676631520707,24.657092923351268,44221.760073577985,20.224421325391432,806.1004629622719,0,3.3518256141534755,-20.496735357718556,10.18104282771227,-18.096893393335066,0.0,0.0,0.0,0.01
7.659628542835021,-23.269323343607514,0.0,-1.1142561586457695,24.749154355907763,26293.436561356946,24.270169277570904,802.0547150100924,0,5.489932575890808,-24.334963032358583,11.915422558335143,-21.179102833840176,0.0,0.0,0.0,0.01
9.384734590950194,-26.890955823216306,0.0,-0.9851250240532867,24.51860836563953,18708.119674481408,28.281679304306582,798.0432049833566,0,7.583395019708278,-28.085792379726286,13.56801739870501,-24.116165714386856,0.0,0.0,0.0,0.01
11.351271523950363,-30.375677049629335,0.0,-0.8586689990960814,24.53636397758867,14519.067233244978,32.2829977788431,794.0418865088202,0,9.67647353435423,-31.82142032398061,15.214014902364838,-27.041224002408796,0.0,0.0,0.0,0.01
13.483991709252564,-33.76624514449998,0.0,-0.7701534822244938,24.74314180095215,11862.488562186,36.28854985000011,790.0363344376632,0,11.768633210817642,-35.5347176504921,16.97400084510794,-30.16817208393989,0.0,0.0,0.0,0.01
15.656623703185467,-37.13421777595948,0.0,-0.7229873368519172,24.999935719117975,10027.447601197102,40.296488151336725,786.0283961363266,0,13.842529859056455,-39.19015771461688,18.855198923745345,-33.50922419360912,0.0,0.0,0.0,0.01
17.78582703368636,-40.526719579157024,0.0,-0.6960621938144675,25.097240280157838,8683.865492598885,44.3018065291083,782.023077758555,0,15.896880108216601,-42.78736358833012,20.78591110388072,-36.936294676872386,0.0,0.0,0.0,0.01
19.84845064714783,-43.956755903324016,0.0,-0.6941047176862886,25.038417700483663,7657.605795635719,48.304251451391906,778.0206328362714,0,17.906161921277523,-46.290507209924165,22.76694509203699,-40.45004748590609,0.0,0.0,0.0,0.01
21.8560467348425,-47.41770916543245,0.0,-0.704993861430258,24.828170131688616,6848.110823757013,52.30533124737523,774.0195530402881,0,19.885199481535036,-49.73400599386993,24.76779657387171,-43.99558859975787,0.0,0.0,0.0,0.01
23.81519629093621,-50.90576253319889,0.0,-0.7185862078370648,24.477371355196986,6193.252670056922,56.305929112635994,770.0189551750273,0,21.849800166896124,-53.1530348127172,26.765774535984484,-47.532013792402246,0.0,0.0,0.0,0.01
25.729263317069993,-54.418902550778725,0.0,-0.7326995433191537,23.98472418709897,5652.576084553246,60.30665471727991,766.0182295703834,0,23.802822381835984,-56.55988999452244,28.75773883349485,-51.0531476315586,0.0,0.0,0.0,0.01
27.598250284682273,-57.95699323911073,0.0,-0.7471968235260658,23.352044859024517,5198.606255274303,64.30805422294867,762.0168300647147,0,25.743049729518212,-59.95964048119431,30.744801717365853,-54.5603617907223,0.0,0.0,0.0,0.01
29.421425327794246,-61.52027870337764,0.0,-0.76161050256916,22.56194460878502,4812.029350562622,68.31067468180836,758.014209605855,0,27.669465618514952,-63.35763597571203,32.727155904534136,-58.05341352184341,0.0,0.0,0.0,0.01
31.202232949146705,-65.10669629400644,0.0,-0.7730298102446119,21.593530443867706,4973.50263098849,72.31488083517243,754.0100034524909,0,29.584564098331484,-66.76488416378913,34.69928856664775,-61.52204718490514,0.0,0.0,0.0,0.01
32.96477998122117,-68.70450989135922,0.0,-0.7715099207337194,20.45799157163654,3977.215596159792,76.32123013616592,750.0036541514974,0,31.50183108567809,-70.20866935748285,36.63898141218721,-64.92680796365045,0.0,0.0,0.0,0.01
34.76936416229813,-72.28304200869702,0.0,-0.7466686474738619,19.191049502895748,1421.5009172798577,80.32902456470282,745.9958597229604,0,33.44066658942629,-73.7188615568965,38.52285769291331,-68.22693511474894,0.0,0.0,0.0,0.01
36.68991765386091,-75.80209732513374,0.0,-0.7005513490583966,17.814950870640743,866.2561485002843,84.33804888916077,741.9868353985025,0,35.42716187236335,-77.29961733966759,40.35772991515423,-71.45238667536312,0.0,0.0,0.0,0.01
38.78677277270199,-79.22639177042116,0.0,-0.6381299077378888,16.315552606017423,623.6839379644845,88.3533438767596,737.9715404109037,0,37.53308094778381,-80.9168210631457,42.15796697284906,-74.68080463798246,0.0,0.0,0.0,0.01
41.11130196566538,-82.5237555971122,0.0,-0.5642496153578751,14.785797599648664,487.9283759256782,92.38770183986966,733.9371824477936,0,39.693497789430545,-84.7639782710152,43.95299273410403,-78.03369963706915,0.0,0.0,0.0,0.01
43.723199367356514,-85.6483195045654,0.0,-0.5163849420051274,13.403712999655946,401.35852364775775,96.46015904022428,729.864725247439,0,42.08140564855259,-88.5399644116312,45.935093159374624,-81.75257344012115,0.0,0.0,0.0,0.01
46.966273049923046,-88.15287180490535,0.0,-0.1919107201321053,12.382662530851704,7.996388159380236,100.55775701168191,725.7671272759814,0,46.13942313774688,-92.40836110444143,47.67248094392713,-84.51828215093445,0.0,0.0,0.0,0.01
50.433796262807896,-89.34029477269726,0.0,-0.14350272641308195,11.473572724304173,10.117798833227546,104.22295694297284,722.1019273446905,0,49.76753240997768,-93.9512461732317,50.74156484695184,-87.21034883900923,0.0,0.0,0.0,0.01
53.84725985164762,-89.8081005331789,0.0,0.04461779328429816,10.723267515128212,10.399383153467825,107.66832715557328,718.65655713209,0,54.05532529712483,-94.46828973702296,53.76608075726038,-87.98987483802019,0.0,0.0,0.0,0.01
57.30365025453793,-89.23881408647748,0.0,0.31350667544010374,10.043242490463467,11.08210304207148,111.17128614414139,715.1535981435219,0,58.714350010779725,-93.59016164232669,56.6187336729683,-87.1261674513682,0.0,0.0,0.0,0.01
60.47945732723048,-87.35605251094955,0.0,0.6579111626984394,9.656542386258348,11.291723289749216,114.86324249724856,711.4616417904147,0,63.013563047028796,-90.635330550376,58.84233282867519,-85.2375195807817,0.0,0.0,0.0,0.01
62.67579804641742,-84.28739293959971,0.0,1.1018901902174956,9.705586435447874,9.345149152306366,118.63691234496916,707.6879719426942,0,66.21365782535692,-86.0796392655603,60.097273121826845,-82.98113658370744,0.0,0.0,0.0,0.01
63.53029118291087,-80.6941657603942,0.0,1.3876401133165037,10.079530952568538,11.367711405782314,122.33034436433755,703.9945399233258,0,67.4983193422052,-81.42917210233904,60.443090092983155,-80.12231690023908,0.0,0.0,0.0,0.01
63.818013776127145,-76.62520089488484,0.0,1.439838122607012,10.909270980745966,70.74841894527621,126.40946919294927,699.915415094714,0,67.04253839799463,-77.04990955429291,59.53574127510747,-76.06117412306416,0.0,0.0,0.0,0.01
63.71699083400154,-72.49951858524358,0.0,1.666442080631798,11.769366250600262,102.9902085651922,130.53638815931177,695.7884961283515,0,65.65410832154711,-72.3136744694697,58.429301044742964,-73.00681152936772,0.0,0.0,0.0,0.01
63.00715022653306,-68.47557296631767,0.0,1.7598261015398897,12.805240698356917,187.9388168495379,134.62246354188662,691.7024207457766,0,64.4311305493513,-68.20314571724361,57.35798165206926,-69.55633751736916,0.0,0.0,0.0,0.01
61.77318237248086,-64.63813848875307,0.0,2.0549593150894707,11.998928321599596,1012.8547790804793,138.65341628713625,687.671468000527,0,63.171159226914206,-63.90292334483481,56.721330621341366,-67.29497640455187,0.0,0.0,0.0,0.01
59.732923369525295,-61.08652316271666,0.0,2.2580423729565116,11.727163172103019,298.99606230910035,142.74934453641967,683.5755397512436,0,61.840195522325565,-59.357049711349134,55.896680001981046,-64.23499216722372,0.0,0.0,0.0,0.01
57.17516529431735,-57.688542371842374,0.0,2.1855477484560413,11.712188317928717,306.60893561101045,147.00239048331963,679.3224938043436,0,60.62422690361111,-55.25345344063082,54.52965935376601,-59.55630901768377,0.0,0.0,0.0,0.01
55.17637547474364,-54.098063115630815,0.0,2.020190105728351,12.12440450635305,448.27104990841303,151.11173374375883,675.2131505439045,0,59.638170966307555,-51.94610521190245,53.17287514710158,-55.064366563053156,0.0,0.0,0.0,0.01
53.893483503485356,-50.294729989411685,0.0,1.8357114608325948,12.601725290629197,840.5347194577902,155.12560403051634,671.1992802571469,0,58.75796163661408,-48.975038710294506,51.926540883221676,-50.82834468587993,0.0,0.0,0.0,0.01
52.943026934802,-46.40272397732896,0.0,1.820030537510452,13.170756626721701,6629.964203175456,159.1319837537879,667.1929005338754,0,57.6615881455155,-45.20172575767028,50.81289357077443,-46.944899073420565,0.0,0.0,0.0,0.01
51.822310642916506,-42.52805325765504,0.0,1.871206759054582,13.695417403739771,100.94556047708014,163.16547829237302,663.1594059952903,0,56.51813154856859,-41.073353622399985,49.66726116946101,-43.19565744145576,0.0,0.0,0.0,0.01
50.787744725863554,-38.53740484048271,0.0,1.7609980156478076,14.160202472767642,31.046257827359792,167.28805047806094,659.0368338096023,0,55.73036257432551,-37.5858075965455,48.60289643816371,-38.95805148417235,0.0,0.0,0.0,0.01
50.472255607184195,-34.32019881214739,0.0,1.5270376055842587,14.048748918606023,18.31506003045283,171.51704090952717,654.8078433781361,0,55.344295401957694,-34.533529224156396,48.21893031334066,-34.22153319495732,0.0,0.0,0.0,0.01
51.24714786868846,-30.080360505173054,0.0,1.2558328640665404,13.66938345976352,18.52529949720596,175.8271089932384,650.4977752944249,0,55.566846220824594,-31.487757224596884,48.856286626160106,-29.301396328735112,0.0,0.0,0.0,0.01
52.902180150196216,-26.137394451062164,0.0,1.1052706025890022,13.736392430960386,18.69844570757127,180.1033355022886,646.2215487853747,0,56.659477285794374,-28.024872116373928,50.42309846755924,-24.892028131180776,0.0,0.0,0.0,0.01
55.21683743283394,-22.634061709878843,0.0,0.9125191334820723,13.880618244000683,19.983585610167182,184.30226139250323,642.0226228951601,0,58.40641422022495,-25.10071478218038,52.8694919153219,-20.81874656982213,0.0,0.0,0.0,0.01
58.141366818510406,-19.685120540251706,0.0,0.7045673617666438,14.018205994922567,20.575537847184556,188.4554681234049,637.8694161642584,0,60.655127215816684,-22.642046478372194,56.11767343511439,-17.304658399715617,0.0,0.0,0.0,0.01
61.57734022729159,-17.437305267656008,0.0,0.4837704790439448,14.15594158121882,20.09159841299126,192.56138906340922,633.763495224254,0,63.27804020301225,-20.674189256393205,60.02394928563923,-14.480789515867809,0.0,0.0,0.0,0.01
65.3668948539065,-16.05048826953761,0.0,0.2102382825253743,14.000434391850353,18.705047588619696,196.59673113743077,629.7281531502325,0,66.05081137528363,-19.255472133064032,64.59979452742749,-12.4556867239915,0.0,0.0,0.0,0.01
69.28282244830469,-15.54855989852667,0.0,-0.032371734537259736,13.98572331583955,19.69225823968506,200.5446952981337,625.7801889895296,0,69.1899246947711,-18.41727553901916,69.41377130193844,-11.504812765417634,0.0,0.0,0.0,0.01
73.15945459778662,-15.836401479624518,0.0,-0.2579868147784527,14.145371922113812,20.770422236825386,204.4319989392461,621.8928853484172,0,72.51118802195978,-18.29319402642944,74.28759817010982,-11.560977103974121,0.0,0.0,0.0,0.01
76.87504622130413,-16.83919123808154,0.0,-0.4720301936406914,14.404099686015531,21.303082191864714,208.2805322199155,618.0443520677478,0,75.85217884736866,-18.84276054735361,79.04989164271961,-12.579153573576036,0.0,0.0,0.0,0.01
80.32177689486204,-18.471553388237,0.0,-0.6758941311578228,14.737503564480509,21.163771049724787,212.09426510585615,614.2306191818071,0,79.04967136430739,-20.05793157952558,83.50616533377301,-14.500464315243713,0.0,0.0,0.0,0.01
83.42939998204196,-20.640305562608376,0.0,-0.8668452725305126,15.129746570749102,20.898733598712827,215.88383068067,610.4410536069933,0,81.94566660892795,-21.900091782578624,87.34586943529946,-17.31496804742323,0.0,0.0,0.0,0.01
86.1384500601816,-23.23821009365719,0.0,-1.0484975812611612,15.56490657842538,19.28091217268309,219.6372371705552,606.6876471171081,0,84.37049670240114,-24.255876214027918,90.46543178574748,-20.74752068367195,0.0,0.0,0.0,0.01
88.36164522771631,-26.1356882638574,0.0,-1.237635807500177,16.007542807819583,16.130962907447,223.28935662365862,603.0355276640047,0,86.18199644578765,-26.889977582605923,92.76840852649667,-24.610683632798523,0.0,0.0,0.0,0.01
90.18646549025526,-29.347002796448585,0.0,-1.3515060944391055,16.43154965186492,22.29854369980217,226.98293348326288,599.3419508044004,0,87.3992678793311,-29.96819745616229,94.15685617801677,-28.46210483207472,0.0,0.0,0.0,0.01
91.88043966225824,-32.972387170673464,0.0,-1.4457188860129473,16.87036515757534,55.69873126283084,230.98455319986354,595.3403310877998,0,88.1331276535542,-33.44355095250516,95.01492336428886,-32.578276621109346,0.0,0.0,0.0,0.01
93.36019138753231,-36.831592180718665,0.0,-1.5841000330159662,17.193434718225888,1447.2441062854102,235.1177273406432,591.20715694702,0,88.54691806095501,-36.76755402836796,95.63455093235443,-36.86185137714273,0.0,0.0,0.0,0.01
94.48276396107897,-40.73220503843877,0.0,-1.7139748610576668,17.334507482001623,1850.697084860903,239.17666191127753,587.1482223763858,0,88.91016020161403,-39.928830532149824,96.14901444421064,-40.97242006484649,0.0,0.0,0.0,0.01
95.18945510985542,-44.688366765374965,0.0,-1.8126680963123707,17.290565899665122,2560.064321872169,243.19544630328386,583.1294379843794,0,89.35996372169791,-43.25022262995163,96.64438213726922,-45.04729941191678,0.0,0.0,0.0,0.01
95.70758178912472,-48.66660284458356,0.0,-1.810813671474571,17.03775662867882,4144.241039031811,247.20728099051706,579.1176032971462,0,89.91449318729752,-47.24883080636557,97.13798569393808,-49.016672867500624,0.0,0.0,0.0,0.01
96.10769734788973,-52.659007972640545,0.0,-1.8718059432855607,16.59810178407373,10884.008934278194,251.21968565192668,575.1051986357365,0,90.38154058234348,-50.88136371183911,97.66367594400069,-53.14205035770921,0.0,0.0,0.0,0.01
96.20087228942072,-56.68783456239298,0.0,-1.9584220834357855,16.02700557893599,17192.952975584765,255.24958952919542,571.0752947584679,0,90.82299812199973,-54.49214423453622,98.2304039777,-57.51645623692552,0.0,0.0,0.0,0.01
95.91413262798024,-60.760334214496815,0.0,-2.0193454621037397,15.372944053516203,4776.702696529778,259.3321711940037,566.9927130936596,0,91.3133083593449,-58.54610975853489,98.83783201409257,-62.167413969040666,0.0,0.0,0.0,0.01
95.24710364686648,-64.8728880141513,0.0,-1.8017736639306108,14.793690722377693,2760.7957733086114,263.49846768089685,562.8264166067664,0,92.02142289341502,-64.11429010274581,99.31547326440236,-65.82966487168316,0.0,0.0,0.0,0.01
94.93138229712335,-68.92871434521071,0.0,-1.5366237308118635,14.628701966390805,1933.0997194006013,267.56656394308123,558.758320344582,0,92.6756712151433,-69.00582786786485,99.69499618442133,-68.76586589784158,0.0,0.0,0.0,0.01
95.3802289944604,-72.87729312800629,0.0,-1.3521733599181531,14.390957096876384,5263.097335022898,271.54057171379003,554.7843125738732,0,93.25320261716423,-73.34986302924547,100.08686534652747,-71.83160102949432,0.0,0.0,0.0,0.01
96.56351493776377,-76.73517383476104,0.0,-1.211986123229578,14.413639271002541,956.9276019635424,275.5758423578943,550.749041929769,0,93.80561221155253,-77.76951172011584,100.51749529777972,-75.2522529016026,0.0,0.0,0.0,0.01
98.02210132170762,-80.56915890344055,0.0,-1.2209548464982038,14.572321880715574,446.46575990856087,279.67790473507534,546.6469795525879,0,94.29282274893914,-81.92978195214701,101.04098164482689,-79.46772384870471,0.0,0.0,0.0,0.01
99.11645276634026,-84.47115233064947,0.0,-1.3710965311365388,14.62502732152696,298.8792632163334,283.7304542770737,542.5944300105896,0,94.72005814909218,-85.36097167337766,101.60824769959326,-83.96681922983504,0.0,0.0,0.0,0.01
99.6101353689553,-88.49821916171308,0.0,-1.4925301273179106,14.74207679980723,231.46233785088165,287.78766881095993,538.5372154767033,0,95.22463685419186,-88.84215802730763,102.18296748195688,-88.2964411984252,0.0,0.0,0.0,0.01
99.45584503579398,-92.66385136254183,0.0,-1.7312550120260815,14.840198755971926,22.897423401352384,291.95615740270256,534.3687268849608,0,95.66949458593491,-92.05103006314444,102.8976930088394,-93.22091489247697,0.0,0.0,0.0,0.01
98.46726391285588,-96.34132936004094,0.0,-1.9445070529405275,14.949499530938999,10.342347314197685,295.764193255832,530.5606910318313,0,95.79986369061545,-95.29533958741767,103.08967701616237,-98.15395454863649,0.0,0.0,0.0,0.01
97.10946507328855,-99.58662830146211,0.0,-1.9303474222127137,15.033888679258121,17.605120926951322,299.282087925648,527.0427963620152,0,94.94630752671705,-98.77351807418412,101.67714932650514,-101.3035771141612,0.0,0.0,0.0,0.01
95.50490646964712,-103.20419743372047,0.0,-1.9973095101605254,15.05163795596718,44.24684404194235,303.23953846092803,523.0853458267352,0,92.7779659829261,-101.96505513115613,99.16261853676563,-104.86628935506509,0.0,0.0,0.0,0.01
93.49446587454402,-106.86998713033259,0.0,-2.110719319050874,15.005288708316575,547.3909099065452,307.4204337581372,518.904450529526,0,90.16830911720629,-104.87653839756582,96.09353823442035,-108.42767604283941,0.0,0.0,0.0,0.01
91.09911459295952,-110.13708359770509,0.0,-2.277404588039148,14.940808068817171,1203.0571573898185,311.47156040257903,514.8533238850843,0,87.93519898290431,-107.4362125235639,93.12167375113812,-111.86363771586899,0.0,0.0,0.0,0.01
88.2383852342403,-112.93726362963797,0.0,-2.4353417421048085,14.864366089168621,272.6246546841457,315.4746567885125,510.8502274991508,0,85.75815925834642,-110.02971765169538,90.27656931423073,-115.3266079803869,0.0,0.0,0.0,0.01
85.0394530322953,-115.403077273399,0.0,-2.5133318688814947,14.883549825259744,214.50224013272097,319.5136423243122,506.8112419633511,0,83.29992542165351,-113.00853214937648,87.49740253882669,-118.78656539393928,0.0,0.0,0.0,0.01
81.83538699249235,-117.86462149442167,0.0,-2.443179202512056,14.893804357465214,739.3958143584318,323.5540926877579,502.7707915999054,0,80.5583234271408,-116.34354695718852,85.09557938546655,-121.74774506789012,0.0,0.0,0.0,0.01
78.9253762088106,-120.65365827307195,0.0,-2.3275855705246715,14.8988197250574,138.06556205831518,327.5848356606858,498.74004862697745,0,77.82595213920257,-119.61540746278739,82.88690993202763,-124.3947675609248,0.0,0.0,0.0,0.01
76.38969366757588,-123.84805036097212,0.0,-2.171546167922408,14.829739256638097,77.0090527034501,331.6632945315293,494.661589756134,0,75.01828797865734,-122.9083108326822,80.78024437067323,-126.85662330186115,0.0,0.0,0.0,0.01
74.36475213258666,-127.45411020939964,0.0,-2.020501576103688,14.702834692629077,54.390265403819456,335.79899953195735,490.52588475570593,0,72.08307313329864,-126.35276294788889,78.53644128893121,-129.46774947664446,0.0,0.0,0.0,0.01
73.0525625598124,-131.48551623536184,0.0,-1.7357731551962507,14.529117894898906,15.706595893279761,340.03858394803655,486.28630033962673,0,69.06499865570714,-130.82162652507213,76.43849080568641,-132.04923959535637,0.0,0.0,0.0,0.01
73.06280388890801,-135.18074784027127,0.0,-1.3651504024991554,14.388127988395286,6.2493109646670515,343.73382974483314,482.59105454283014,0,67.97052733983467,-136.24297002455663,75.59608681132723,-134.65231830716692,0.0,0.0,0.0,0.01
73.74360174780183,-138.63585525631143,0.0,-1.5247241878643738,14.33838273159096,25.12570468478892,347.2553710240247,479.06951326363856,0,68.63720854294641,-138.87128431425742,76.13143590916886,-138.52576472379872,0.0,0.0,0.0,0.01
74.34467313687995,-142.78729801958048,0.0,-1.37532736154528,14.198139528750977,153.21449357260937,351.4501015077945,474.8747827798688,0,70.69240517000785,-143.51043652521253,77.74386586180627,-142.11426768069114,0.0,0.0,0.0,0.01
75.5802883528578,-146.60325184231377,0.0,-1.1585179049435557,14.054277631436188,101.89475756732503,355.4611174064402,470.86376688122306,0,72.8180075482821,-147.8113152426051,79.19399128124893,-145.02282517458204,0.0,0.0,0.0,0.01
77.55104552997683,-150.02994126267845,0.0,-0.9694796915955637,13.960002674538396,81.48845341148775,359.41410162533174,466.91078266233154,0,74.75727952748768,-151.9466642974188,80.6282578083323,-147.91875383629605,0.0,0.0,0.0,0.01
80.04043118385155,-153.19535545044633,0.0,-0.8776589031519212,13.980941605194309,366.39859804424344,363.4411213563288,462.8837629313345,0,76.66779354678296,-155.9967505275721,82.27994277976705,-151.33516249908712,0.0,0.0,0.0,0.01
82.61884789699941,-156.3648769460244,0.0,-0.9219316010435894,14.081117788303013,157.65256242616132,367.5269626720888,458.79792161557447,0,78.39622343725217,-159.56737690905658,84.1308423630725,-155.21815829560626,0.0,0.0,0.0,0.01
84.75335183706108,-159.8723258909206,0.0,-1.126031505102088,14.056608426619912,64.79001285031748,371.63284932069377,454.6920349669695,0,79.71796969327103,-162.2722621737211,86.13423179907669,-159.2141784398636,0.0,0.0,0.0,0.01
86.07756559074026,-163.79861671759912,0.0,-1.3350845431842084,13.948876508301172,40.5683949405592,375.7764349323462,450.5484493553171,0,81.04566874046348,-165.0071596778397,88.12495818441953,-163.30688129861818,0.0,0.0,0.0,0.01
86.43311921678466,-168.03994815808784,0.0,-1.6486465122041092,13.77819150284685,15.832958077257425,380.0326434292448,446.2922408584185,0,82.11660906370251,-167.70322651651412,89.71486891770469,-168.29595036990676,0.0,0.0,0.0,0.01
85.55457069831874,-171.96638627380602,0.0,-1.9204160826740357,13.600838067616651,11.381147208754795,384.0561697154598,442.26871457220346,0,82.67784290211435,-170.91753809527555,89.79426299818427,-173.5121680999874,0.0,0.0,0.0,0.01
83.97490983898497,-175.2885107245319,0.0,-2.0596579185647435,13.491147847792902,13.701389386334267,387.7347345574358,438.5901497302275,0,82.06768562984921,-174.27400715955565,88.48573333470941,-177.68793838252324,0.0,0.0,0.0,0.01
81.9001897089843,-178.27698546208285,0.0,-2.257195703968523,13.394647961440839,14.517674183959485,391.37278965251204,434.95209463515124,0,80.41458466413262,-177.05982817811676,85.85523540979695,-181.51735725527598,0.0,0.0,0.0,0.01
79.27945922709732,-180.77817619445958,0.0,-2.464383601557502,13.338670346380896,13.810983174309982,394.9955211272999,431.32936316036336,0,77.92405323187143,-179.0924646600775,82.31862538140582,-184.55797166479584,0.0,0.0,0.0,0.01
76.11791621986615,-182.77932939904946,0.0,-2.6303878364604194,13.330001251934767,18.00924339310797,398.73717428263285,427.58771000503043,0,74.7780086818594,-180.3906536098599,78.31129730888803,-186.6895068965257,0.0,0.0,0.0,0.01
72.40580413124772,-184.2584277929316,0.0,-2.8453520677599244,13.29132726427585,24.500726483600907,402.7331107457478,423.5917735419155,0,71.4207591559522,-181.03111978063,73.56651045561567,-188.06125600332675,0.0,0.0,0.0,0.01
68.3868235595247,-184.85423288908655,0.0,3.1288971560863,12.981846533079382,23.062089441508675,406.79601470086305,419.5288695868002,0,68.43489763495916,-181.06773357283333,68.34340347699563,-188.2741658014108,0.0,0.0,0.0,0.01
64.39371986583882,-184.3301815255685,0.0,2.7354933386558864,12.859301959346768,13.159539937048857,410.8233596004381,415.5015246872252,0,65.91411581977289,-180.79438922496033,63.11817935989609,-187.29654452354688,0.0,0.0,0.0,0.01
60.55601674233043,-182.758151288984,0.0,2.5401167891547294,12.760999140998665,20.15348916375516,414.9705567658646,411.35432752179867,0,62.71651848873121,-179.6101343644796,58.69956774757031,-185.4631400096457,0.0,0.0,0.0,0.01
56.991841350376234,-180.5732896514973,0.0,2.321849330952162,12.705049168969795,26.9995114154991,419.15110297414566,407.1737813135176,0,59.98687920813293,-177.77722632825254,54.687121037172744,-182.7248964905882,0.0,0.0,0.0,0.01
53.94743885884714,-177.81973310262518,0.0,2.1025195633619083,12.67342271674578,36.54749141291456,423.2560341792044,403.0688501084589,0,57.73700158477296,-175.5905827951786,51.52137677379805,-179.24682573412412,0.0,0.0,0.0,0.01
51.48852938858273,-174.57300023904796,0.0,1.9170782490752967,12.667139116058623,59.69714790542266,427.32881088194523,398.99607340571805,0,55.73297552039725,-173.04151625572473,48.91216634704657,-175.50260533021958,0.0,0.0,0.0,0.01
49.64589224362464,-170.94131661717472,0.0,1.8100116886741853,12.72525217640972,154.69033220659404,431.4012103684104,394.9236739192529,0,53.72166561228774,-169.9472956712273,46.49217759159502,-171.7104610563041,0.0,0.0,0.0,0.01
48.17314207596138,-167.10942136743617,0.0,1.9721508404328687,13.012373100124075,2373.023415828697,435.5063795806745,390.8185047069888,0,51.13617787703807,-165.8519363130544,44.54127088125647,-168.65075399160543,0.0,0.0,0.0,0.01
46.33749828193791,-163.5171128922708,0.0,2.0771078682260797,13.514393416330927,2736.972770402081,439.5405174463506,386.7843668413127,0,48.759393681710115,-162.174108554149,42.583293927880995,-165.59891738893424,0.0,0.0,0.0,0.01
44.19590777400378,-160.12677662283693,0.0,2.160662721711586,14.051644383655397,3235.2345047690856,443.5506034708035,382.7742808168598,0,46.438857387257954,-158.6254310202189,40.60400773413782,-162.53105859958288,0.0,0.0,0.0,0.01
41.845419904883,-156.8751701649692,0.0,2.211976992182749,14.577201001116578,3958.513795437444,447.56280209247353,378.76208219518975,0,44.158756747058035,-155.14854042553014,38.537392175087795,-159.34421788556978,0.0,0.0,0.0,0.01
39.38394164903787,-153.6991454631323,0.0,2.2363998014783197,15.082937400819947,5102.939205880463,451.5810116577745,374.74387262988876,0,41.909422367517685,-151.71633274161363,36.39079109967893,-156.04913647405638,0.0,0.0,0.0,0.01
36.89087733452777,-150.54635177550674,0.0,2.238488182922129,15.565827456619669,7185.948603677051,455.6003993863988,370.7244849012645,0,39.6954830857216,-148.33490853899718,34.18656511530411,-152.67871314717783,0.0,0.0,0.0,0.01
34.428858903565775,-147.37518044516528,0.0,2.223565241073411,16.024831376950466,12160.67296431339,459.6151051490639,366.7097791385994,0,37.521098003079224,-145.01090784505195,31.95045254427939,-149.270127135455,0.0,0.0,0.0,0.01
32.04227198847762,-144.155867662254,0.0,2.1970484453951573,16.460940611398144,39669.84173061275,463.622569671363,362.70231461630027,0,35.382823983999174,-141.7393455549276,29.701224422507465,-145.84935820066013,0.0,0.0,0.0,0.01
29.755672585952052,-140.87175606580138,0.0,2.165461320412905,16.876961309798318,31362.55011931032,467.6243100184601,358.7005742692032,0,33.2658102489227,-138.49773343895583,27.450304489426458,-142.43095304035188,0.0,0.0,0.0,0.01
27.566008304055693,-137.52451832608415,0.0,2.1390153950292325,17.27758633517528,11233.389697003986,471.62413878399497,354.7007455036683,0,31.141141689930155,-135.24194294397938,25.209073808285673,-139.02932390299893,0.0,0.0,0.0,0.01
25.437841481264872,-134.13727746481635,0.0,2.127430692993594,17.665414471100284,6841.338962132141,475.6244506065745,350.7004336810888,0,28.98242888457385,-131.9315840812654,22.98995731788163,-135.66052440121103,0.0,0.0,0.0,0.01
23.290128877519013,-130.76310087166726,0.0,2.148856390470155,18.034219621361682,4918.660276643122,479.624167735328,346.7007165523353,0,26.75005167344994,-128.50584959523152,20.82531803925128,-132.3711417844286,0.0,0.0,0.0,0.01
21.044485190706343,-127.45300150384502,0.0,2.1839457249897585,18.386483882251916,3840.1858455523266,483.624126909242,342.70075737842126,0,24.4870501252562,-125.0307540876508,18.685070682652764,-129.113125802012,0.0,0.0,0.0,0.01
18.70747742214038,-124.20198431014983,0.0,2.20230162809434,18.73359814174097,3150.2811244677864,487.6279648310415,338.6969194566218,0,22.25775850076468,-121.60522779660828,16.516927379337147,-125.80420254749916,0.0,0.0,0.0,0.01
16.37666051955498,-120.94570698223113,0.0,2.1794618490800923,19.066128363752007,2671.2086166435265,491.6324684793973,334.692415808266,0,20.128242753534696,-118.3311004245183,14.292760828984257,-122.39804827632081,0.0,0.0,0.0,0.01
14.171717247210369,-117.60616863335832,0.0,2.1266450977315907,19.372844660546164,2319.2935181676094,495.63425448290246,330.6906298047608,0,18.079134286093755,-115.17895314824949,12.038766002404005,-118.93111865503698,0.0,0.0,0.0,0.01
12.14800820807474,-114.14822133449445,0.0,2.0719807214807906,19.666881088812925,2199.0996932937032,499.6408487719214,326.68403551574187,0,16.02819569106033,-112.02249414948291,9.78331080888546,-115.44370037199573,0.0,0.0,0.0,0.01
10.246529150850355,-110.61139964972911,0.0,2.056997806336852,19.97596325788989,3260.2218382471683,503.6564097831488,322.6684745045145,0,13.868484969482596,-108.69712798513945,7.580994983287232,-112.02018451168483,0.0,0.0,0.0,0.01
8.31127975337697,-107.09648837056346,0.0,2.096688465970595,20.26194868453683,6292.222845566135,507.66886433501935,318.65601995264393,0,11.592891764788746,-105.1918008980106,5.476455633081145,-108.74185472406339,0.0,0.0,0.0,0.01
6.2112538470099565,-103.68697674744513,0.0,2.1553129863172575,20.53210900638976,88568.43957644065,511.67322175108393,314.65166253657935,0,9.293164583508265,-101.64785187093027,3.4116503985130193,-105.53931496366911,0.0,0.0,0.0,0.01
3.9120406385348145,-100.40467273059822,0.0,2.216355630779165,20.759213188865854,7341.128935060844,515.6807023857266,310.6441819019367,0,6.983711468109787,-98.09102604395395,1.3318293466251068,-102.34814181878663,0.0,0.0,0.0,0.01
1.4982052398421235,-97.19610855989458,0.0,2.2161837870940557,21.032633223269094,3525.5730928682246,519.6958593402559,306.6290249474074,0,4.781098121113562,-94.72424910065772,-0.8931871080197383,-98.99671126293484,0.0,0.0,0.0,0.01
-0.8352999305954198,-93.93523720933293,0.0,2.157738435390545,21.27383363297955,2320.101329263408,523.7056633685561,302.6192209191072,0,2.6922725994874335,-91.58892200111862,-3.246015300338211,-95.53869060014686,0.0,0.0,0.0,0.01
-2.960459139083056,-90.54490472767397,0.0,2.09110157775283,21.49555340220833,1728.9874771408233,527.7069951465535,298.6178891411098,0,0.5875379451183005,-88.51201869611063,-5.609689765269048,-92.0628270389251,0.0,0.0,0.0,0.01
-4.827457524137759,-86.9730224580309,0.0,1.9815357539076064,21.703890936188472,55.93323804684249,531.7373829589094,294.5875013287539,0,-1.4141631977474471,-85.48649661353566,-7.895280596084012,-88.30909191079611,0.0,0.0,0.0,0.01
-6.173430311351587,-83.1860487824518,0.0,1.7727408141507797,21.897671404256883,14.586531808867559,535.7564391122181,290.56844517544516,0,-2.969989617340768,-82.53019163020521,-9.891973058920044,-83.94736546968973,0.0,0.0,0.0,0.01
-7.021690005994035,-79.32956891957396,0.0,1.8107190893962577,22.07095875286432,42.33862412755185,539.7051074247429,286.6197768629204,0,-4.0194996640100555,-78.59512856139911,-10.957292415074884,-80.29235439074729,0.0,0.0,0.0,0.01
-7.9338066583525455,-75.41794654165557,0.0,1.7734566707094712,22.25743425859981,188.50911208913774,543.72166645144,282.6032178362233,0,-4.5236733264886,-74.71722826087293,-11.659046997991132,-76.18341338774715,0.0,0.0,0.0,0.01
-8.667573218020673,-71.49101788662612,0.0,1.7121843838564657,22.44435276292943,248.89733834232413,547.7165609463896,278.6083233412737,0,-5.18365529465384,-70.99512469030847,-12.205684680066796,-71.99462487176041,0.0,0.0,0.0,0.01
-9.143337481259671,-67.5192810677442,0.0,1.6344319813121586,22.61125467826588,203.40706647409547,551.7166915683365,274.6081927193268,0,-5.80908101893253,-67.30681660661597,-12.854059287823382,-67.75573453733668,0.0,0.0,0.0,0.01
-9.345437350647053,-63.48487409546211,0.0,1.5788716485674719,22.82669196773753,254.9914678712466,555.7561573715343,270.568726916129,0,-6.4518576984303255,-63.461507000764534,-13.619393961385198,-63.51938842057495,0.0,0.0,0.0,0.01
-9.429679059614235,-59.42484446268978,0.0,1.600606648447683,23.052752222728934,738.5932374416403,559.8170608774698,266.5078234101935,0,-7.148903134451159,-59.356833651493695,-14.362396351230101,-59.57193392496555,0.0,0.0,0.0,0.01
-9.644805506765184,-55.40075918502137,0.0,1.6640220805602712,23.228247975422324,713.8139643635542,563.8468923516398,262.4779919360235,0,-7.8727734913678225,-55.23507991123072,-15.014361342381774,-55.90279532415055,0.0,0.0,0.0,0.01
-10.104366655704784,-51.442798638637285,0.0,1.7426208591891301,23.342118202711774,240.92801552384435,567.831443535443,258.4934407522203,0,-8.608555532995037,-51.18322199807943,-15.586074758033249,-52.39407072915597,0.0,0.0,0.0,0.01
-10.83689971173418,-47.553734412290005,0.0,1.8197388678207012,23.41072343568779,145.9231545070731,571.7888953967838,254.53598889087948,0,-9.326261040493549,-47.16970616361063,-16.12523959287988,-48.89811407212601,0.0,0.0,0.0,0.01
-11.879608694640833,-43.67989539887255,0.0,1.9181392479642598,23.39826936845902,1987.437534620609,575.8006120773221,250.52427221034122,0,-10.006745893618515,-43.00188107947168,-16.665132753887637,-45.41235216838905,0.0,0.0,0.0,0.01
-13.402264724892179,-39.80561803830805,0.0,2.0753901403202226,23.337541106297138,33.98446998829885,579.9633643463195,246.36151994134377,0,-10.745481760515206,-38.33832367341852,-17.240250924028995,-41.9252701130261,0.0,0.0,0.0,0.01
-15.442498313048278,-36.24408035600313,0.0,2.1933376177923725,23.258571151360353,17.515811786933646,584.0678867005914,242.25699758707185,0,-11.82610242504279,-33.64840320702775,-18.06671820993705,-38.12762071806165,0.0,0.0,0.0,0.01
-17.728640319053426,-33.63226345309588,0.0,2.5620863915090273,23.180906774959233,5.8469111192169265,587.5389143302615,238.7859699574018,0,-14.806896714602349,-29.16792614736742,-19.29662497781066,-36.02809736413302,0.0,0.0,0.0,0.01
-20.644087305268688,-32.448610964757805,0.0,2.895372306182463,23.127007106236963,18.232485986542958,590.6854782248266,235.63940606283666,0,-19.424607903955685,-27.59630769584495,-21.212756746768395,-34.711344215478405,0.0,0.0,0.0,0.01
-24.443597386532883,-31.41466880882194,0.0,2.8461247415741773,23.223470299230343,95.56945221035674,594.6231568861002,231.70172740156306,0,-23.13996649681408,-27.13172647862008,-25.177591969768564,-33.826130899411964,0.0,0.0,0.0,0.01
-28.297339217715393,-30.32124507242677,0.0,2.937750650633344,23.353259356584054,157.4356165499132,598.6290152920749,227.6958689955884,0,-27.51567799485968,-26.539862004962277,-28.930748521176884,-33.385441101153,0.0,0.0,0.0,0.01
-32.18882027116176,-29.427132608323724,0.0,2.901463915129801,23.85532415786376,721.5861988475707,602.6218916848269,223.7029926028364,0,-31.340170224525643,-25.961177488601276,-33.013790236876126,-32.79637637095438,0.0,0.0,0.0,0.01
-36.16290295441307,-28.262436420432557,0.0,2.78074882170022,24.435253994286825,34.26863217973064,606.7631294688,219.56175481886328,0,-35.130180283370166,-25.52577974097822,-37.65092849441307,-32.20561995597677,0.0,0.0,0.0,0.01
-39.536296993261416,-26.601286069617004,0.0,2.503999338002671,24.637785907743467,10.265960303231685,610.5233432698161,215.80154101784717,0,-38.43397696202622,-25.113292526187113,-42.96404029184267,-31.228308850931047,0.0,0.0,0.0,0.01
-41.96695974871577,-24.574269023070823,0.0,2.3420267598419167,24.5868716408855,13.366954968176369,613.6882950131672,212.63658927449603,0,-41.22415195178911,-23.85221636280996,-46.39336084952133,-28.876990000747988,0.0,0.0,0.0,0.01
-44.55844423950308,-22.080996297951966,0.0,2.356741874939318,24.421066640643865,33.99735707896393,617.2844319332264,209.04045235443687,0,-43.49093338494875,-21.012316124895708,-48.33723639748534,-25.86392762844605,0.0,0.0,0.0,0.01
-47.642178209439464,-19.32839310986224,0.0,2.2757988855924647,24.36583924212271,1140.8120387374538,621.4179824056921,204.90690188197118,0,-45.58090084771261,-17.57450113608177,-50.74583072400697,-21.969217355922513,0.0,0.0,0.0,0.01
-50.666894813632865,-16.4780497666166,0.0,2.1633496162761547,24.53791850169646,120.16583375897063,625.5741065268015,200.75077776086175,0,-47.515948892170606,-14.356644143130548,-53.20219938205512,-18.18496873722365,0.0,0.0,0.0,0.01
-53.4257710462379,-13.530282032859551,0.0,2.0219142352551542,24.792325566310517,710.6688502195276,629.611523111576,196.71336117608723,0,-49.270249674317036,-11.517203803907478,-55.57794658747181,-14.5728702761101,0.0,0.0,0.0,0.01
-55.940581072645614,-10.402665722671196,0.0,1.911060293529839,25.01199273937447,800.653183467111,633.6247827907741,192.70010149688915,0,-51.061171097311764,-8.675189166646437,-57.85435127296937,-11.080205255399592,0.0,0.0,0.0,0.01
-58.275128423303684,-7.147383684348959,0.0,1.8268903065547784,25.10515903339357,814.6541599195323,637.6306500478719,188.6942342397914,0,-52.933187946921514,-5.748631707076959,-60.08876234343723,-7.62227179720799,0.0,0.0,0.0,0.01
-60.469356057213965,-3.7985173649323696,0.0,1.7812832135279397,25.022892655585444,829.6751082487206,641.6343409119045,184.6905433757588,0,-54.95404206861097,-2.620162241181784,-62.29460349134407,-4.188484222769332,0.0,0.0,0.0,0.01
-62.56155113323888,-0.3817380297717004,0.0,1.7585618759315573,24.799848233000347,845.7752651649475,645.6407933653006,180.68409092236266,0,-57.0790019647925,0.6599667768364348,-64.49683602198323,-0.7494493824329279,0.0,0.0,0.0,0.01
-64.60558360395659,3.0668809980876253,0.0,1.7557698748508612,24.46965408975378,863.0196212609983,649.6496637723682,176.6752205152951,0,-59.273670997336346,4.064548296702761,-66.68956526424267,2.676942057453163,0.0,0.0,0.0,0.01
-66.65471204264766,6.513480966430349,0.0,1.7673382914763294,23.941702838009576,881.4795592573824,653.6593992624015,172.66548502526177,0,-61.49214735282423,7.541411675668729,-68.86508279823157,6.073368713126113,0.0,0.0,0.0,0.01
-68.74630844951149,9.935667372837006,0.0,1.7855085811536553,23.184687872153482,901.2335816540011,657.6701517266406,168.65473256102268,0,-63.70221673979085,11.035651440346129,-71.02328013497636,9.43911958577875,0.0,0.0,0.0,0.01
-70.90286567454996,13.320583031373861,0.0,1.807181787909848,22.2072573332369,1206.157594272928,661.683677991694,164.64120629596925,0,-65.89833390482771,14.52612004324238,-73.16493415069091,12.775675456230159,0.0,0.0,0.0,0.01
-73.13890790331318,16.65366579871039,0.0,1.831348362389933,21.076704976472787,1886.9819132177056,665.6973204250367,160.62756386262663,0,-68.08152787896837,18.002027695452142,-75.28831583920746,16.080606280271375,0.0,0.0,0.0,0.01
-75.44855761904887,19.926735714579323,0.0,1.8470067820917733,19.920180267219962,526.6413607707833,669.7032495911059,156.6216346965574,0,-70.22426707662758,21.407591585337663,-77.40500701728125,19.372168629596487,0.0,0.0,0.0,0.01
-77.7671683886794,23.16487540201193,0.0,1.8345706294613064,18.82682968875011,303.23861636216407,673.6859000322535,152.6389842554098,0,-72.27345018248928,24.64854752462406,-79.53819971599371,22.686578243331986,0.0,0.0,0.0,0.01
-79.95825151615784,26.464671314012115,0.0,1.7695528069199562,18.009035963346513,3267.6224178752577,677.646897170901,148.67798711676232,0,-74.17085056524785,27.63034497833196,-81.74057067145743,26.105684176544326,0.0,0.0,0.0,0.01
-81.90260942975361,29.97688082671885,0.0,1.7031424946275,17.49697518866058,98.93063485688066,681.6613888395074,144.6634954481559,0,-76.15961695147166,30.74141281620677,-84.05164411348608,29.69079203791304,0.0,0.0,0.0,0.01
-83.47858401727736,33.77947944016175,0.0,1.6394265023044219,17.154505672165982,50.60162171915787,685.7776313148091,140.54725297285415,0,-78.31617273976862,34.13433394072325,-86.49419344699938,33.572192085367945,0.0,0.0,0.0,0.01
-84.56025734724695,37.83341299514034,0.0,1.5597364909991087,17.059671264941485,30.521445345004835,689.9733904190654,136.3514938685979,0,-80.53837415301558,37.7889298136804,-88.67859710695917,37.878963013874774,0.0,0.0,0.0,0.01
-84.95427301908272,41.89064150903192,0.0,1.459881423769202,17.07890189353231,18.965251381235422,694.0497063493616,132.27517793830168,0,-82.23788525965408,41.58811202121181,-89.83634746854176,42.43436781525158,0.0,0.0,0.0,0.01
-84.59903897312371,45.570541397184314,0.0,1.3256757604817544,16.950496267395142,13.074521073269429,697.746712491395,128.5781717962683,0,-82.73090551926366,45.10322636125476,-89.84985325208469,46.88403667149776,0.0,0.0,0.0,0.01
-83.70745491311418,48.90897348029036,0.0,1.2541465053783787,16.848908946251893,15.151988541824897,701.2021503666251,125.12273392103816,0,-82.24930806529734,48.43117459512715,-88.98684602776939,50.63890019699899,0.0,0.0,0.0,0.01
-82.37710807514695,52.29826399380994,0.0,1.1322010839867427,16.832473311034423,19.248358747424398,704.8431822113531,121.48170207631017,0,-80.72695038608877,51.52423185208773,-87.21966893917546,54.5697425208976,0.0,0.0,0.0,0.01
-80.44094513298143,55.541049310632914,0.0,0.9365584176392595,16.535075290735122,20.881084334440533,708.6200040961681,117.70488019149514,0,-78.4808988245958,54.09918886631007,-84.2693659806684,58.357334089663155,0.0,0.0,0.0,0.01
-77.86646549886954,58.36637617132303,0.0,0.7609115886285764,16.369724531542833,23.823337830074987,712.442361648281,113.88252263938227,0,-75.79915592689645,56.19526135591363,-80.75571099362736,61.4006985505478,0.0,0.0,0.0,0.01
-74.80272543429231,60.84287602852084,0.0,0.622480839939496,16.4367532913151,28.402311836873746,716.3818482551876,109.94303603247567,0,-72.747087897994,57.97851830941818,-76.94599916574761,63.82934740221399,0.0,0.0,0.0,0.01
-71.34542734730842,62.997838039562424,0.0,0.5077427920808824,16.60203159217635,34.1881257301046,720.4557617706289,105.86912251703438,0,-69.38171741981172,59.46851837991011,-72.8967959797555,65.78606848907857,0.0,0.0,0.0,0.01
-67.57562260190741,64.77607386411245,0.0,0.3903386357285312,16.898124919667456,40.47788505818855,724.6239208926108,101.70096339505244,0,-65.85059352613037,60.583521619115835,-68.60804321669056,67.28529381122554,0.0,0.0,0.0,0.01
-63.58095779311235,66.07672588941162,0.0,0.24571856406523296,17.20450203093188,38.354581368489704,728.8249972577273,97.49988702993596,0,-62.371322961918956,61.25335683850052,-64.13271121474922,68.27681992525551,0.0,0.0,0.0,0.01
-59.423631113415176,66.58579407239436,0.0,0.041892279888703046,17.4376043081782,34.983535071162734,733.0133758863433,93.31150840132,0,-59.21112961473748,61.516192371759296,-59.511460801492845,68.6811276997592,0.0,0.0,0.0,0.01
-55.25733279041475,66.35800249811972,0.0,-0.13362741478354231,18.04519736865916,31.747378896479706,737.185896793127,89.13898749453631,0,-55.93423167574386,61.3226202347049,-54.97649153429991,68.44715216363912,0.0,0.0,0.0,0.01
-51.19655319075057,65.50289375710202,0.0,-0.35475557494459586,17.89409361700167,29.02379177119475,741.3357331653245,84.98915112233874,0,-52.95031811291523,60.76845418455214,-50.422845606279594,67.59158407084146,0.0,0.0,0.0,0.01
-47.312078363918545,64.08985334370246,0.0,-0.5660313346606661,18.008656394611467,27.759324684266474,745.4692338475783,80.85565044008501,0,-49.97780918619238,59.89438634125838,-46.008799739662706,66.14102160771797,0.0,0.0,0.0,0.01
-43.62967943265011,62.21892830619899,0.0,-0.7465573895507367,18.47684426187999,30.55877502411173,749.5996602644225,76.7252240232408,0,-46.94576905938834,58.63468973522527,-41.844722091834385,64.14822264640875,0.0,0.0,0.0,0.01
-40.1596578469493,59.96737814727232,0.0,-0.9072540486956053,19.040112898661896,32.84286750314328,753.7361476539104,72.58873663375289,0,-43.978984645020454,56.98144177206321,-38.00315672209021,61.65332320836215,0.0,0.0,0.0,0.01
-36.92564814308286,57.373425099161786,0.0,-1.048745511867819,19.568958393040795,34.0738865072343,757.8819179298066,68.44296635785668,0,-41.202112871771355,54.91322556161398,-34.58884461260589,58.717760509308526,0.0,0.0,0.0,0.01
-33.95373954701595,54.479882161058875,0.0,-1.1768731286505485,20.046730791997707,33.89978249446192,762.0297886411502,64.29509564651312,0,-38.690101503826185,52.511220739103564,-31.70477700943674,55.414659914010976,0.0,0.0,0.0,0.01
-31.256541493448985,51.35345006791661,0.0,-1.2626559800121173,20.48869317576145,43.44135762658361,766.1588872078104,60.1659970798529,0,-36.37953898222998,49.72291138343509,-29.3329015795549,51.965702816719606,0.0,0.0,0.0,0.01
-28.79408370854166,48.06695825501114,0.0,-1.3254096293984177,20.804359207324804,77.11268052981792,770.2655557820619,56.05932850560134,0,-34.3384901397439,46.678452699786035,-27.243283599330635,48.4553306792557,0.0,0.0,0.0,0.01
-26.554854545783684,44.67872074649049,0.0,-1.3806843435850444,21.054973246883545,338.5135277139737,774.3268733832219,51.998010904441344,0,-32.52280659720043,43.53027213332351,-25.27361941783125,44.92527646496153,0.0,0.0,0.0,0.01
-24.547767140647654,41.21252797875937,0.0,-1.4443147611955547,21.291198974921016,1204.233528346421,778.3322313141598,47.99265297350348,0,-30.848117779693077,40.41137302095297,-23.30152250338324,41.37100091574106,0.0,0.0,0.0,0.01
-22.730437123427834,37.656410960196766,0.0,-1.486008246872153,21.521786899091403,1305.9449056815658,782.3258082373202,43.99907605034309,0,-29.098689724940602,37.11516140993053,-21.301282940128367,37.7778774137712,0.0,0.0,0.0,0.01
-20.9640040127883,34.06834315575687,0.0,-1.4722663150325799,21.748915891574075,1426.4525287116046,786.3251227415349,39.99976154612841,0,-27.125936554570902,33.45923548748119,-19.320566589399704,34.23079711482401,0.0,0.0,0.0,0.01
-19.13655413178803,30.512826341409475,0.0,-1.4498362018330726,21.972729138247793,1571.4744198929543,790.3227811667476,36.00210312091565,0,-25.11191291375951,29.786500359314992,-17.359431359961825,30.728841896231643,0.0,0.0,0.0,0.01
-17.260813443006903,26.982570691029945,0.0,-1.440092674036657,22.196040783669552,1749.316087246808,794.3204189803303,32.00446530733302,0,-23.12482782523847,26.211728034721943,-15.393719024775187,27.228005972581872,0.0,0.0,0.0,0.01
-15.392871397425278,23.447068642037415,0.0,-1.4380596545997608,22.427666644209193,1972.5200529771503,798.3190415211662,28.00584276649704,0,-21.139657223531426,22.679747630968706,-13.414466743264374,23.711228731776202,0.0,0.0,0.0,0.01
-13.532371470836008,19.90641544363611,0.0,-1.4255482815179161,22.67272283181594,2260.9616811083674,802.3187521417221,24.006132145941137,0,-19.10479188696744,19.09129197383052,-11.4415499760007,20.212256989022848,0.0,0.0,0.0,0.01
-11.620784337823446,16.393420079671746,0.0,-1.4045956446166372,22.888956705764198,2648.1239608161313,806.318164822896,20.00671946476723,0,-17.04528457297949,15.483470559689026,-9.48731340917622,16.75130573978063,0.0,0.0,0.0,0.01
-9.646402732703496,12.91501275077865,0.0,-1.3893970084745466,23.06054632703792,3195.145962174014,810.3178523442324,16.00703194343089,0,-15.008820714449383,11.931461896543771,-7.537641384818926,13.30179237746006,0.0,0.0,0.0,0.01
-7.638160032736309,9.455205081913345,0.0,-1.3788323550636483,23.20560497847427,4026.804277066023,814.3182658038027,12.00661848386062,0,-12.98876871153897,8.415275639274126,-5.587733222920057,9.853720342046673,0.0,0.0,0.0,0.01
-5.60363617309205,6.009824225426685,0.0,-1.3664806636542643,23.32226580003624,5443.42860559383,818.3195076837328,8.005376603930472,0,-10.968554333217917,4.898175643789944,-3.6434606839339,6.415986302320437,0.0,0.0,0.0,0.01
-3.53041237005804,2.585927622006279,0.0,-1.3520346740081999,23.432176366954497,8397.144937632886,822.3221724071865,4.002711880476795,0,-8.952789245301863,1.380427456086549,-1.7071664988067785,2.9912707493607407,0.0,0.0,0.0,0.01
