-0.72579311578221,3.967603877276474,0.2997828053163403
-1.8761826744718064,3.0061472866476606,0.2997828351402063
-3.02346933480527,2.0409901974858258,0.2997828675910341
-4.167643597712299,1.0721454061143731,0.2997829018205493
-5.308695758236183,0.0996255116305064,0.2997829420597213
-6.446616321609952,-0.8765566797796964,0.2997829818915534
-7.58139588765107,-1.8563884746968145,0.2997830276734703
-8.713024851887894,-2.839857268372725,0.299783072001901
-9.841493718241622,-3.826950464271477,0.2997831233851116
-10.966793185744166,-4.817655258915465,0.2997831759481641
-12.088913852702262,-5.811959156229023,0.2997832318445717
-13.207846123567265,-6.809849655446556,0.2997832915593221
-14.32358089230422,-7.811314155178479,0.299783350690916
-15.436108564509595,-8.816339956177558,0.2997834171004001
-16.5454200351179,-9.824914756046953,0.299783482956002
-17.65150590963333,-10.837025957249466,0.2997835538275808
-18.75435688237985,-11.852661160401452,0.2997836266753211
-19.853963658249995,-12.87180776265734,0.2997837021969758
-20.9503171341438,-13.894453367189726,0.2997837792614177
-22.04340801113699,-14.92058557234941,0.2997838603992591
-23.13322718821144,-15.950191979023089,0.2997839460868476
-24.21976526753156,-16.983260185349764,0.2997840314824316
-25.303013247384115,-18.01977779230424,0.2997841234789007
-26.382961928631858,-19.05973250174384,0.299784215318823
-27.459602308182696,-20.103111911455017,0.2997843103379409
-28.532925090830304,-21.14990372304805,0.2997844100995053
-29.602921273997367,-22.200095732641103,0.2997845103587906
-30.66958185934192,-23.25367544484027,0.2997846141979607
-31.732897642700262,-24.31063075795032,0.2997847220269705
-32.792859628748886,-25.370949372364063,0.2997848313891609
-33.849458916827416,-26.43461898803196,0.2997849439474862
-34.90268630363971,-27.501627403052566,0.2997850589427457
-35.95253289340104,-28.571962519952194,0.2997851762405048
-36.998989683863385,-29.64561193862744,0.299785298116376
-38.04204777404169,-30.722563656305283,0.2997854220386102
-39.08169866449049,-31.80280477545045,0.2997855485543823
-40.117938656919904,-32.8863182973256,0.2997856779363701
-41.1507720488043,-33.97307951830476,0.2997858101780366
-42.18020464479085,-35.06306294038086,0.2997859434623251
-43.2062412389204,-36.15624356357989,0.2997860816683442
-44.22888693470799,-37.25259698764944,0.2997862226060874
-45.24814683068939,-38.352098812411214,0.2997863649732721
-46.26402632793256,-39.45472473918528,0.2997865111847773
-47.27653072630071,-40.56045076547434,0.2997866579701735
-48.28566552674263,-41.66925289292942,0.2997868108599846
-49.29143642699165,-42.78110722227825,0.2997869655699219
-50.29384912757499,-43.89599005197772,0.2997871196456003
-51.29290972787948,-45.01387788206989,0.2997872808658712
-52.28862403146351,-46.13474731297856,0.2997874403160381
-53.28099823347847,-47.25857494576735,0.2997876049062711
-54.27003863860469,-48.385337676785184,0.2997877722780799
-55.25575154252567,-49.51501251228717,0.2997879434407196
-56.23814344806141,-50.64757654757205,0.2997881140199183
-57.21722105400667,-51.78300708344466,0.299788288133243
-58.19299086032152,-52.92128142097374,0.299788465535471
-59.16545986844915,-54.06237705948763,0.299788645386343
-60.13463497724578,-55.20627169749787,0.2997888290831838
-61.10052318675679,-56.35294303639307,0.2997890132857037
-62.0631316969446,-57.50236907762746,0.2997891997688953
-63.022467709009305,-58.65452781901036,0.2997893924244863
-63.97853862011991,-59.80939735968741,0.2997895844736717
-64.93135183212914,-60.96695610349104,0.299789778975537
-65.88091504426447,-62.12718234814474,0.2997899752853641
-66.82723595762778,-63.290054790631416,0.29979017530286
-67.77032217344939,-64.45555203647052,0.2997903775042232
-68.71018168697537,-65.62365278386733,0.2997905823065139
-69.64682240401109,-66.79433613104572,0.2997907889821363
-70.58025252129482,-67.96758107953542,0.299790996484603
-71.51048013848703,-69.14336672812124,0.299791208786246
-72.43751315441031,-70.32167267777595,0.2997914231144136
-73.36135787278707,-71.5024802301831,0.2997916401703833
-74.28201809338606,-72.68577228124718,0.2997918599088507
-75.199497613105,-73.8715323320065,0.2997920788673127
-76.1138012329327,-75.05974298653757,0.2997923015353194
-77.02493385448423,-76.25038684108961,0.2997925288206602
-77.93290067675838,-77.44344659617127,0.2997927565174336
-78.83770689868314,-78.63890525098088,0.2997929868080859
-79.73935762308022,-79.83674560962766,0.2997932189196035
-80.63785834549262,-81.03695056606409,0.2997934540818505
-81.53321417093039,-82.23950342574608,0.2997936907144094
-82.42543079484898,-83.44438728388968,0.2997939311836148
-83.3145136213252,-84.65158544436542,0.2997941709618885
-84.20046824705383,-85.86108120511403,0.2997944155436585
-85.083300174248,-87.07285816713772,0.2997946623054872
-85.96301530193728,-88.28689973082066,0.2997949107275985
-86.83961932976695,-89.5031895934012,0.2997951610296923
-87.7131181595932,-90.7217114584173,0.2997954149314523
-88.58351748710362,-91.94244922422786,0.2997956680853235
-89.45082341783177,-93.16538668900536,0.2997959260195557
-90.3150420470514,-94.39050785579082,0.2997961845715053
-91.17617928006824,-95.61779682350787,0.2997964466611051
-92.03424151072592,-96.84723779150612,0.2997967088068094
-92.88923504233207,-98.07881476027524,0.299796974387732
-93.7411662754822,-99.312511931029,0.299797242462148
-94.590041708064,-100.54831380263067,0.299797513124588
-95.43586794221228,-101.78620467385964,0.2997977845785158
-96.2786513767354,-103.02616904616536,0.2997980588681912
-97.11839891144666,-104.26819161978574,0.299798334227944
-97.9551171484618,-105.51225689536966,0.2997986123979785
-98.78881288376444,-106.75834966967273,0.299798893265347
-99.6194928216621,-108.00645484538244,0.29979917466909
-100.44716405943294,-109.25655732214544,0.2997994597494653
-101.27183339627658,-110.50864209944302,0.2997997468000335
-102.0935079330528,-111.76269427890747,0.2998000355727868
-102.9121944733066,-113.01869915731676,0.2998003241294782
-103.72789981119224,-114.27664213734964,0.2998006178862056
-104.54063085329044,-115.53650891768052,0.2998009115966624
-105.35039439364726,-116.79828499995506,0.2998012093707416
-106.15719743463606,-118.06195618260756,0.2998015073100077
-106.96104687552383,-119.327508166872,0.2998018068045098
-107.7619499182026,-120.59492694881568,0.299802108803533
-108.55991345893815,-121.86419843424072,0.2998024132529053
-109.3549448021059,-123.13530861892684,0.2998027207103177
-110.14705094660906,-124.40824370588712,0.2998030291986993
-110.93623928884602,-125.68298979285667,0.2998033381058462
-111.72251713306966,-126.9595332808857,0.2998036500658827
-112.50589167851273,-128.23786047030865,0.2998039642754975
-113.28637032312992,-129.51795765985923,0.2998042801111182
-114.0639605696556,-130.79981154961217,0.2998045976069079
-114.83866991682108,-132.08340864054344,0.2998049178229394
-115.61050586229705,-133.36873563283166,0.2998052377868134
-116.37947580900288,-134.6557791250575,0.2998055640531447
-117.14558765718584,-135.94452611800375,0.2998058869056308
-117.90884880555468,-137.23496341269765,0.2998062148611211
-118.66926715407112,-138.52707790657428,0.2998065437716377
-119.4268504031449,-139.82085680272735,0.2998068751430196
-120.18160625314827,-141.116287099273,0.2998072066434929
-120.93354270192664,-142.41335599548245,0.2998075400793141
-121.68266745357944,-143.71205079408992,0.2998078773537713
-122.42898860289316,-145.0123586935856,0.2998082144866885
-123.17251505441914,-146.31426679191645,0.2998085545263507
-123.91325620639222,-147.61776159155147,0.2998088966322711
-124.65122185902436,-148.92282969350788,0.2998092396603056
-125.38642200993158,-150.22945779479858,0.2998095841949748
-126.1188661647124,-151.53763269898343,0.2998099311851661
-126.84856441629714,-152.8473412014871,0.2998102807263763
-127.5755265707192,-154.158570504208,0.2998106287599
-128.29976272535447,-155.47130740978878,0.2998109828551492
-129.0212826806661,-156.78553911563972,0.2998113351991378
-129.74009673530077,-158.10125281972637,0.2998116905409631
-130.4562147887221,-159.4184358282048,0.2998120491505176
-131.16964694587074,-160.73707553529857,0.299812406944909
-131.88040360074055,-162.05715934393606,0.2998127677674915
-132.58849475829703,-163.3786747523942,0.2998131284375347
-133.29393091399004,-164.70160946306123,0.2998134923657574
-133.99672217186895,-166.02595107193224,0.299813857298318
-134.69687893030144,-167.35168728472863,0.299814224104324
-135.3944115880615,-168.6788060950853,0.2998145916536998
-136.0893305471546,-170.00729540706072,0.2998149626872077
-136.78164640558316,-171.3371432206594,0.2998153345222647
-137.47136946317832,-172.66833743525274,0.2998157090220559
-138.15851042387567,-174.00086644932173,0.2998160818329154
-138.84307988292574,-175.33471836554418,0.2998164587384053
-139.52508834303865,-176.66988158166657,0.2998168367451512
-140.20454650333537,-178.00634439700735,0.2998172164742811
-140.88146536464868,-179.34409511621567,0.2998175971537478
-141.5558561267623,-180.68312213319425,0.2998179792095641
-142.22773038765473,-182.02341365192336,0.2998183632180939
-142.89709955015957,-183.3649579710317,0.2998187496478977
-143.5639753124406,-184.70774349217984,0.2998191361163549
-144.22836907506598,-186.05175881138223,0.299819525342798
-144.8902927366139,-187.39699243284736,0.2998199161561388
-145.54975760006832,-188.7434330565152,0.2998203072812941
-146.20677566469467,-190.09106927842575,0.299820699897964
-146.86135862753014,-191.43989010181485,0.2998210943767105
-147.51351809189646,-192.7898843260666,0.2998214895726789
-148.16326595613623,-194.14104085143896,0.2998218879942271
-148.81061411997905,-195.4933487762437,0.2998222865519437
-149.4555743870574,-196.84679720205972,0.2998226866077118
-150.09815875182028,-198.20137522836376,0.2998230905945149
-150.73837901672695,-199.55707215610155,0.2998234905567187
-151.37624738449864,-200.91387738417183,0.2998238955264867
-152.01177564893013,-202.27178021275745,0.2998243020174982
-152.6449760165487,-203.63077024192705,0.2998247074787343
-153.27586048260025,-204.99083677226884,0.2998251176337021
-153.90444114925248,-206.35196960259844,0.2998255276393422
-154.53073031677178,-207.71415843226785,0.2998259380038348
-155.15473998517143,-209.07739286490943,0.2998263502449561
-155.77648255361373,-210.4416628965186,0.2998267637489391
-156.39597002113618,-211.8069583306518,0.2998271793452147
-157.01321488896247,-213.17326916365136,0.299827595318618
-157.62822855990686,-214.5405857966104,0.2998280128970521
-158.24102052721616,-215.90889943302568,0.2998284334567245
-158.85160019855414,-217.27820176799844,0.2998288521621646
-159.45997676865255,-218.6484844031629,0.2998292745529056
-160.0661595366912,-220.01973883931743,0.2998296978448422
-160.67015800666118,-221.39195687653103,0.2998301201373294
-161.27198137822188,-222.76513021468543,0.2998305478311351
-161.871639249802,-224.1392506526098,0.2998309734012139
-162.4691409188506,-225.51430999069305,0.2998314001050346
-163.06449589023578,-226.89030013128303,0.2998318292486601
-163.65771356119814,-228.2672130725727,0.2998322620864542
-164.2488035334341,-229.645040711413,0.2998326924343644
-164.83777520553954,-231.02377515262737,0.2998331243865095
-165.42463827875426,-232.40340859400283,0.2998335580596176
-166.00940215031886,-233.78393303635997,0.2998339927795825
-166.5920764236316,-235.1653406801809,0.2998344299743394
-167.1726707960825,-236.5476238246555,0.299834867051004
-167.7511947689519,-237.9307746668104,0.2998353062383216
-168.32765684266045,-239.31478621293485,0.2998357443061934
-168.90205551503874,-240.69965535570637,0.2998361862450167
-169.47436759014278,-242.08538820335676,0.2998366289755552
-170.04456006361718,-243.471994448048,0.2998370716252907
-170.6125985380886,-244.85948449517184,0.299837517102361
-171.17844901158327,-246.24786834358704,0.2998379613701445
-171.74207698737254,-247.63715589018983,0.2998384094217101
-172.3034452627345,-249.02735803928877,0.2998388592599212
-172.8625062363524,-250.41848968751933,0.2998393071985106
-173.41921161225156,-251.81056563865943,0.2998397560343164
-173.973510589371,-253.2036014891039,0.2998402103315527
-174.52535056373912,-254.59761323894816,0.2998406619990703
-175.07467834138075,-255.9926168908789,0.2998411190695265
-175.6214407172505,-257.3886281436711,0.2998415729233272
-176.16558419500268,-258.7856620971229,0.2998420322564641
-176.70705527160413,-260.18373405052205,0.2998424918919511
-177.24580034908408,-261.5828588053922,0.2998429523420043
-177.7817656268171,-262.98305065993657,0.2998434138109473
-178.31489730513476,-264.38432391655624,0.2998438790753823
-178.84514138278266,-265.78669237412464,0.299844342451081
-179.37244366101422,-267.1901696319774,0.2998448112743119
-179.8967499402723,-268.5947687904297,0.2998452787562087
-180.4180058192124,-270.0005029504823,0.299845750848533
-180.93615669958848,-271.4073844097075,0.2998462209383774
-181.45114817926543,-272.8154255713305,0.2998466941523361
-181.9629252588705,-274.2246381338145,0.2998471699946776
-182.4714331399424,-275.6350336972739,0.2998476477567351
-182.97661682015595,-277.04662336051086,0.2998481267980253
-183.4784211000219,-278.4594178253306,0.2998486078042788
-183.97679058343016,-279.8734275898581,0.2998490901791797
-184.4716699660096,-281.28866255761073,0.2998495745585785
-184.9630036466237,-282.70513252465423,0.2998500591939148
-185.4507360290523,-284.1228464935385,0.2998505487890668
-185.93481061140483,-285.54181346213034,0.2998510385183977
-186.41516739403372,-286.9620434334849,0.2998515316370174
-186.8917432795009,-288.3835466032656,0.2998520246785574
-187.36447506389692,-289.8063326752716,0.2998525216086705
-187.8332995471199,-291.23041094924474,0.2998530204600058
-188.2981533305581,-292.65579042491095,0.2998535213012872
-188.75897261688283,-294.0824792997634,0.2998540227114574
-189.2156937009308,-295.51048527786,0.2998545269861949
-189.66825258749253,-296.93981585524864,0.2998550339626149
-190.11658517197105,-298.3704776326849,0.299855541898836
-190.56062725801928,-299.80247691451905,0.2998560528606617
-191.00031424658687,-301.2358193962409,0.2998565672529594
-191.43558153147973,-302.6705101768844,0.2998570818323003
-191.866364219624,-304.10655386255064,0.2998576016927927
-192.2925975062186,-305.54395434577174,0.2998581190275331
-192.71421599605264,-306.9827152341328,0.2998586438768598
-193.13115438499617,-308.4228393205833,0.2998591663165939
-193.5433471739745,-309.86432890956,0.2998596939305571
-193.9507285632103,-311.30718559995483,0.299860223678678
-194.35323275090263,-312.75141039195336,0.2998607560375603
-194.7507934421933,-314.197003783267,0.2998612907559277
-195.14334463149896,-315.6439655773443,0.2998618276077138
-195.5308196219829,-317.092294873101,0.2998623673540237
-195.9131519150017,-318.5419902704849,0.2998629085082029
-196.2902746054309,-319.99304956903893,0.2998634537322573
-196.6621206980136,-321.4454699687207,0.2998640009246003
-197.0286233888933,-322.89924786986666,0.2998645508388335
-197.38971858199392,-324.3543783726726,0.299865102722805
-197.74534417498265,-325.8108552765194,0.2998656596957687
-198.09543816876203,-327.2686715824351,0.2998662152938323
-198.4399381605052,-328.7278199888281,0.2998667757081534
-198.7787815569261,-330.1882923971409,0.2998673386498467
-199.11190584996632,-331.650079807965,0.2998679060568463
-199.4392481437263,-333.1131728187028,0.2998684735426877
-199.7607454389164,-334.57756123224294,0.2998690449622643
-200.0763347343349,-336.04323424723617,0.2998696177887439
-200.38595272987465,-337.51018026327887,0.2998701962716268
-200.68953582816283,-338.97838708252203,0.2998707757288912
-200.98702072249912,-340.44784160366004,0.2998713592382955
-201.2783434201949,-341.9185301241289,0.2998719444082951
-201.5634402162045,-343.3904382456145,0.2998725315689228
-201.84224691275008,-344.8635507723046,0.2998731228638576
-202.11469941270053,-346.33785169721705,0.2998737162131419
-202.38073351013324,-347.81332422594664,0.2998743132727668
-202.6402845071933,-349.2899510555065,0.2998749137310881
-202.8932880064468,-350.7677136888334,0.299875517051646
-203.13967910559148,-352.2465932204298,0.2998761226064346
-203.37939300524323,-353.72656975655417,0.2998767306083891
-203.6123646039564,-355.20762249334933,0.299877342317643
-203.8385288048725,-356.6897300315407,0.2998779575488584
-204.057820403429,-358.172869972969,0.2998785750508546
-204.27017380515167,-359.6570191147029,0.2998791964928955
-204.47552350558453,-361.142153558944,0.2998798195990844
-204.6738040068904,-362.62824830703903,0.2998804468999765
-204.8649493082307,-364.1152775554607,0.2998810758366801
-205.0488936090855,-365.6032147062395,0.2998817106150966
-205.22557101093545,-367.0920321572059,0.2998823447711629
-205.39491511282404,-368.58170151138,0.2998829851873097
-205.5568599149347,-370.07219336846936,0.2998836269244407
-205.7113390160056,-371.5634775274322,0.299884271084494
-205.8582860184914,-373.0555225868598,0.2998849209906211
-205.99763422228816,-374.54829645001433,0.2998855722436815
-206.1293171238032,-376.04176601504975,0.2998862266395008
-206.25326802757024,-377.5358971807301,0.2998868850071972
-206.3694201301048,-379.0306547493527,0.2998875471556914
-206.47770643459464,-380.5260027208992,0.2998882105038092
-206.57806003704115,-382.0219039918592,0.299888876831659
-206.67041394222295,-383.51832036807065,0.2998895485266644
-206.7547010455912,-385.0152128464873,0.2998902229320208
-206.83085414978493,-386.5125410258619,0.2998908984265256
-206.89880615429823,-388.01026380628286,0.2998915800110922
-206.95848955763503,-389.5083387914221,0.299892262874863
-207.00983726180783,-391.0067226775562,0.2998929493223841
-207.05278176508253,-392.50537086503726,0.2998936388133302
-207.0872557696677,-394.0042378549473,0.2998943324667209
-207.11319187520272,-395.50327684806257,0.2998950288828439
-207.13052307995943,-397.0024399449488,0.2998957284116272
-207.13918488480675,-398.501678141162,0.299896430547534
-207.1391180875819,-400.0009413423498,0.2998971364054341
-207.1302667926968,-401.5001784446805,0.2998978449778349
-207.1125757962156,-402.999337248815,0.2998985586930018
-207.0859857003984,-404.49836435648473,0.2998992739279345
-207.0504202062092,-405.9972054667966,0.2998999928051944
-207.0057950085995,-407.495804279783,0.299900715112301
-206.9520279133392,-408.9941029915198,0.2999014408120786
-206.8890375173296,-410.4920422092077,0.2999021684546221
-206.81674232119963,-411.9895611293061,0.2999029010015306
-206.7350611264073,-413.4865974500235,0.2999036351978077
-206.6439151292983,-414.9830872748376,0.2999043733503868
-206.54324543296872,-416.4789666018546,0.299905114281529
-206.4330369358882,-417.9741733312942,0.2999058592524477
-206.313294538236,-419.4686468651448,0.2999066071553784
-206.18402514343984,-420.9623264998887,0.2999073571491237
-206.04523594581343,-422.4551516365679,0.2999081107711419
-205.8969340470653,-423.9470617770722,0.2999088668805143
-205.73912654977624,-425.4379964196359,0.2999096287991847
-205.57182045010455,-426.9278950646593,0.2999103902082538
-205.39502295277725,-428.4166972121953,0.2999111561210696
-205.20874115486552,-429.9043424627813,0.2999119268029346
-205.012981954658,-431.3907703158938,0.2999126986112514
-204.80775265722224,-432.8759201701712,0.2999134713824816
-204.5930601560414,-434.3597316284124,0.2999142508247701
-204.36891175727985,-435.8421440896645,0.2999150294609194
-204.13531445481777,-437.323097051663,0.2999158130820945
-203.892275254623,-438.8025298163397,0.2999165988275223
-203.63980145272856,-440.28038168575904,0.2999173871661469
-203.37789995208848,-441.756592054984,0.2999181785719287
-203.10657815024985,-443.2310999309285,0.2999189735217413
-202.82584294673435,-444.7038447061166,0.2999197698170093
-202.5357015433684,-446.1747651829938,0.2999205703011967
-202.2361612395281,-447.6438005658893,0.2999213713442259
-201.9272290356971,-449.1108895481152,0.2999221750492467
-201.60891233026177,-450.57597103426207,0.2999229809870627
-201.281218125108,-452.0389836226437,0.2999237916783812
-200.9441538195605,-453.4998658140744,0.2999246027181783
-200.5977267126271,-454.9585561065894,0.2999254161467775
-200.2419440060275,-456.414992802005,0.2999262350186171
-199.8768131987997,-457.8691141015538,0.2999270520471526
-199.5023413904438,-459.320857904022,0.2999278736243553
-199.11853627935324,-460.7701621045372,0.2999286972216026
-198.725405069725,-462.2169644104175,0.2999295225521905
-198.3229554594334,-463.6612024200318,0.2999303504135753
-197.911194848594,-465.1028134317503,0.2999311797276505
-197.49013083747485,-466.5417346442052,0.2999320136076591
-197.0597711242892,-467.9779030600691,0.2999328478770877
-196.62012341168185,-469.411255378559,0.2999336843663513
-196.17119539686848,-470.8417282997357,0.2999345236941622
-195.71299488188868,-472.2692580242221,0.2999353628048595
-195.24552986624724,-473.6937809505484,0.2999362046505638
-194.7688082494661,-475.1152327788408,0.2999370505024643
-194.2828379333264,-476.533549409255,0.2999378963646109
-193.7876273139122,-477.94866614488967,0.2999387447926978
-193.2831842967148,-479.3605181780679,0.2999395945772392
-192.76951737435297,-480.7690405183133,0.2999404480680425
-192.24663485505624,-482.1741678590403,0.2999413003145292
-191.71454523138408,-483.5758345026337,0.2999421550369732
-191.1732571087832,-484.9739746488428,0.2999430138373782
-190.6227790852601,-486.3685221969762,0.2999438726917418
-190.0631200616972,-487.75941064644246,0.2999447336038372
-189.49428893457497,-489.1465731999984,0.2999455957535843
-188.91629480802817,-490.52994275730094,0.2999464593025038
-188.32914677957632,-491.9094521162901,0.299947325120101
-187.73285415212467,-493.2850333756732,0.2999481912650736
-187.12742642172648,-494.6566185391375,0.2999490601199284
-186.51287319151828,-496.0241393049555,0.2999499295337386
-185.88920425754137,-497.3875268741018,0.2999507997447495
-185.2564295247776,-498.74671214479554,0.2999516732296285
-184.61455899083265,-500.1016257177936,0.29995254774947
-183.96360295609895,-501.4521976921764,0.299953421423524
-183.30357181838065,-502.7983579719746,0.2999542981270053
-182.634476380104,-504.1400359527103,0.2999551759317711
-181.95632724205427,-505.4771605350175,0.2999560546481348
-181.2691355997904,-506.80966031974776,0.2999569348658326
-180.5729146577359,-508.1374642077048,0.2999578150520676
-179.86768791501174,-509.460507097969,0.2999586981794095
-179.15349597053557,-510.7787324926435,0.2999595827188983
-178.43038532435574,-512.0920867862616,0.2999604644820977
-177.6984031783657,-513.4005173838312,0.2999613506288909
-176.95759683043707,-514.703972183172,0.2999622366686196
-176.20801338009906,-516.0023993857544,0.2999631233886788
-175.4496998287384,-517.2957473892026,0.2999640096861071
-174.68270287533596,-518.5839647971479,0.2999648996971586
-173.9070691233549,-519.8670006071634,0.2999657897075991
-173.12284516669814,-521.1448039182773,0.2999666788737158
-172.330077309217,-522.4173241332998,0.2999675694481283
-171.52881185103408,-523.6845109473917,0.2999684598594712
-170.71909479179448,-524.9463139675676,0.2999693527815736
-169.90097223078274,-526.202683386671,0.2999702432043847
-169.07448986907718,-527.4535693100531,0.2999711383369714
-168.23969350496742,-528.6989222349303,0.2999720307736595
-167.39662873877705,-529.9386925620669,0.2999729241381033
-166.5453410713458,-531.1728310931744,0.2999738182397493
-165.6858758021231,-532.4012887250881,0.2999747126413155
-164.8182782342247,-533.6240165577261,0.2999756065857042
-163.9425936617362,-534.8409656954875,0.2999765022739495
-163.0588669878952,-536.052087532931,0.2999773974588464
-162.16714331241116,-537.2573334744794,0.2999782931035497
-161.26746753678634,-538.4566551173566,0.2999791876459738
-160.3598845571548,-539.6500041607895,0.299980083142799
-159.44443927818753,-540.8373326078581,0.2999809777589064
-158.5211769972865,-542.0185927565988,0.2999818741093207
-157.59014271580503,-543.1937371069254,0.2999827689115051
-156.6513816291163,-544.3627180612016,0.2999836668427349
-155.7049385438225,-545.5254882179952,0.2999845605262408
-154.75085845599313,-546.6820001746893,0.2999854574992469
-153.78918616585796,-547.8322068337914,0.2999863505477407
-152.81996647439786,-548.9760608949466,0.2999872440958882
-151.8432441820402,-550.1135152589668,0.2999881412117418
-150.85906388601657,-551.2445228241857,0.2999890337157893
-149.86747029017857,-552.3690364914561,0.299989928667614
-148.8685079901074,-553.4870093609961,0.2999908230187884
-147.86222169064305,-554.5983944322837,0.2999917157598588
-146.84865588794534,-555.7031447050449,0.2999926085801903
-145.82785508468135,-556.80121338044,0.2999935006039322
-144.79986398028987,-557.892553457154,0.2999943921020431
-143.76472707203666,-558.9771181363051,0.2999952829280872
-142.7224888619048,-560.0548604185288,0.2999961736497241
-141.6731938508969,-561.1257333995757,0.2999970645757415
-140.6168867387702,-562.1896902861527,0.2999979513694555
-139.55361202426823,-563.2466839728546,0.2999988404333464
-138.48341430792783,-564.2966676610154,0.2999997287664158
-137.40633818963005,-565.3395943531855,0.3000006148237375
-136.32242836681206,-566.3754169447465,0.3000015021440916
-135.23172964555954,-567.4040884392845,0.3000023866586119
-134.1342866212764,-568.4255617354534,0.300003271642602
-133.0301440943288,-569.4397896332798,0.3000041550581329
-131.9193470675507,-570.4467250320613,0.30000503712278
-130.80194043655348,-571.4463205342103,0.3000059196336551
-129.67796920292423,-572.438528836805,0.3000067987953514
-128.54747836971328,-573.4233026408334,0.3000076777136939
-127.41051333372504,-574.40059454782,0.3000085569761808
-126.26711969401056,-575.3703573576918,0.3000094328343508
-125.1173434537973,-576.3325440682785,0.3000103099037403
-123.96123061232196,-577.2871077794882,0.3000111831394321
-122.7988276675542,-578.2340012929408,0.3000120566092334
-121.6301815209861,-579.1731781084151,0.3000129270709877
-120.45534327140302,-580.1045980249477,0.3000137990023006
-119.27437191990526,-581.028229744675,0.3000146680653159
-118.08732886645356,-581.9440449630096,0.3000155348128714
-116.89427511418302,-582.8520159848428,0.3000164023011749
-115.69527155439872,-583.7521156093495,0.3000172655157271
-114.49037879491952,-584.6443165354242,0.3000181284034156
-113.27965733588042,-585.5285915610791,0.3000189898750633
-112.06316727101684,-586.4049138887162,0.3000198497178346
-110.84096860404296,-587.2732567190827,0.3000207078251335
-109.61312103764482,-588.1335934499964,0.3000215626624651
-108.37968416792752,-588.9858976829712,0.3000224195078473
-107.1407173944157,-589.8301431172578,0.3000232727857153
-105.89627982136513,-590.6663034532384,0.3000241223982911
-104.64643034461298,-591.4943525893242,0.3000249712729115
-103.3912279656724,-592.314264729056,0.3000258201855601
-102.13073108257184,-593.1260139679059,0.300026665113009
-100.8649983010406,-593.9295745094635,0.3000275084720769
-99.59408791607908,-594.7249208527653,0.3000283499266416
-98.3180579278592,-595.512027298479,0.3000291895871143
-97.03696643705698,-596.2908685424632,0.3000300277116707
-95.75087124530928,-597.0614192895346,0.3000308633854303
-94.4598301521902,-597.8236540366674,0.3000316966104464
-93.1639005554362,-598.5775477872161,0.300032528717395
-91.86314015563931,-599.32307533926,0.3000333567955877
-90.5576060550976,-600.0602116902116,0.3000341850981769
-89.24735555232246,-600.7889317448806,0.3000350081800391
-87.93244584579821,-601.5092105995645,0.3000358312374729
-86.61293393807222,-602.2210233552892,0.3000366509553345
-85.28887672797521,-602.9243452113103,0.3000374695785055
-83.96033101593329,-603.6191513690114,0.3000382843801006
-82.62735369993777,-604.305417129972,0.3000390985112133
-81.29000138323991,-604.9831176908092,0.3000399082597766
-79.94833076176161,-605.6522283528857,0.300040717268665
-78.60239834128265,-606.3127244162044,0.3000415233922595
-77.2522606170424,-606.9645813788397,0.3000423259945037
-75.89797419072619,-607.6077746448946,0.300043126256817
-74.53959546107305,-608.2422795114713,0.3000439259517549
-73.17718082997703,-608.8680713791146,0.3000447190506108
-71.8107865965768,-609.485125848473,0.3000455124619563
-70.44046926079619,-610.0934181169691,0.3000463019969999
-69.06628502339751,-610.6929237876197,0.300047090707217
-67.68829038082959,-611.2836183602446,0.3000478748259283
-66.30654164012228,-611.865477131327,0.3000486544949439
-64.92109509427738,-612.4384756067783,0.3000494350350493
-63.532007245534174,-613.002589180777,0.3000502119746429
-62.13933449548208,-613.5577933565186,0.3000509853595972
-60.74313314411808,-614.1040634327113,0.3000517560024534
-59.34345968715999,-614.6413749117808,0.3000525229001312
-57.940370829137606,-615.1697030897412,0.3000532871296926
-56.5339228712339,-615.6890233678613,0.3000540475840765
-55.12417270764706,-616.1993111492286,0.3000548072094631
-53.71117684293807,-616.7005415299902,0.3000555623393879
-52.29499207577419,-617.1926900123811,0.3000563140717744
-50.87567540707127,-617.6757316940632,0.3000570631654753
-49.4532836335186,-618.1496418780333,0.3000578091934969
-48.02787396052503,-618.6143957629624,0.3000585512423654
-46.59950328278615,-619.0699685491644,0.3000592922115501
-45.1682291032499,-619.5163352344686,0.3000600282645251
-43.73410861990351,-619.953471121325,0.3000607621646622
-42.29719943670693,-620.3813510092511,0.3000614913859607
-40.85755924998989,-620.7999499978456,0.3000622161783042
-39.41524575867041,-621.2092431863854,0.3000629410752466
-37.97031686746368,-621.6092053755207,0.3000636595856036
-36.52283087251334,-621.9998114669047,0.3000643761300665
-35.072845875943074,-622.3810364571119,0.3000650890979308
-33.62042037611997,-622.7528555492647,0.3000657981318717
-32.16561327459749,-623.1152440422742,0.3000665027466951
-30.70848356787809,-623.4681773338273,0.3000672040387897
-29.249090261823252,-623.8116306287916,0.3000679008810252
-27.787492752568824,-624.145579221901,0.3000685965407257
-26.323750539367893,-624.4699981177387,0.3000692877269486
-24.857923325408365,-624.7848625111219,0.3000699737844812
-23.390071205888603,-625.0901475097079,0.3000706580732775
-21.920254285256988,-625.3858281061677,0.3000713368114027
-20.44853296333565,-625.6718791022653,0.3000720113216957
-18.97496793723161,-625.9482757009719,0.3000726841892138
-17.4996203099401,-626.2149925978503,0.3000733521208474
-16.022550980029052,-626.4720045968023,0.3000740154173051
-14.543821745518583,-626.7192864942541,0.3000746752111567
-13.063494709466228,-626.9568125953741,0.3000753330232761
-11.581631171426238,-627.1845563953693,0.3000759846497374
-10.098293631167508,-627.4024978934644,0.3000766316366743
-8.613547687048879,-627.6106285960061,0.3000772756119225
-7.127458839464623,-627.8089435962644,0.3000779150437331
-5.640092591748783,-627.9974382972562,0.3000785509658037
-4.151514139221717,-628.1761080989139,0.300079181783591
-2.661788684007604,-628.3449483002076,0.3000798099989623
-1.1709815280455589,-628.5039543023526,0.3000804310424811
0.3208421323588482,-628.6531215048392,0.3000810505878704
1.81361739476813,-628.7924452083005,0.300081664745246
3.3072789592637832,-628.9219209121418,0.3000822760252468
4.801761828435872,-629.0415439138314,0.3000828817350403
6.297001097624104,-629.1513095166724,0.3000834824104252
7.792931670381904,-629.2512133197325,0.3000840770546347
9.289488445642633,-629.3412504230774,0.3000846702473971
10.78660642530781,-629.4214164280077,0.3000852585250122
12.284220607691282,-629.4917066325107,0.3000858438377776
13.782265890025885,-629.5521164364181,0.3000864220919617
15.280677076798211,-629.6026411406658,0.3000869968943966
16.77938906431706,-629.6432760449844,0.3000875654870256
18.278336755601003,-629.6740167487692,0.3000881320414628
19.777454650170966,-629.6948583542704,0.3000886923086518
21.276677548566624,-629.7057963569129,0.300089249671327
22.775940047832197,-629.7068260625315,0.3000898018187889
24.275176450164736,-629.697942766703,0.3000903474161163
25.774321456011307,-629.6791419710744,0.3000908896670289
27.273309062823103,-629.6504188766596,0.3000914282482512
28.772073572877105,-629.6117688804952,0.300091959980115
30.27054908818536,-629.5631872849714,0.3000924873023152
31.768669401757503,-629.5046694889309,0.3000930110707784
33.266368421582,-629.4362107925267,0.3000935291028526
34.76357974312833,-629.3578065963759,0.3000940430976087
36.26023686613416,-629.2694522996949,0.3000945512717266
37.75627309305901,-629.1711431030658,0.3000950542872758
39.25162162287632,-629.0628746059449,0.3000955532512286
40.7462148543421,-628.9446427106279,0.3000960479331169
42.23998608698122,-628.8164536134691,0.3000965364859027
43.73287332700045,-628.6783457159313,0.300097020376004
45.22481696485522,-628.5303826181658,0.3000974980031401
46.71575750831323,-628.3726310197072,0.3000979708473466
48.20563725235735,-628.2051573229144,0.3000984399990969
49.69440000168299,-628.0280279228734,0.3000989037218922
51.18199045057213,-627.8413090256597,0.300099364032615
52.66835460395976,-627.6450668267433,0.3000998179420442
54.15343945969971,-627.4393672270786,0.3001002672690482
55.63719321813676,-627.2242760271283,0.3001007099137531
57.11956517847352,-626.9998588272731,0.3001011505451565
58.60050554257293,-626.7661812275098,0.3001015854391475
60.07996580741121,-626.5233084248341,0.3001020134612311
61.557898275170885,-626.2713057242141,0.3001024389315176
63.03425644474464,-626.0102380212484,0.3001028577215159
64.50899481884511,-625.74017022064,0.3001032733861564
65.98206889310921,-625.4611668178954,0.3001036828405965
67.45343507052627,-625.1732924139231,0.3001040873141107
68.92305075078337,-624.8766111110714,0.3001044887053083
70.3908744330277,-624.5711872056567,0.3001048840438578
71.85686541734367,-624.2570843030327,0.3001052756700204
73.32098410510082,-623.9343662966527,0.3001056610298143
74.78319159496016,-623.6030965905929,0.3001060428816053
76.24345008514479,-623.2633383852004,0.3001064202739201
77.70172257965203,-622.9151548811649,0.3001067935093431
79.15797307653298,-622.5586087720292,0.3001071573689522
80.61216627454002,-622.1937627631937,0.3001075220040619
82.06426797525131,-621.8206793551224,0.3001078788309428
83.5142447783611,-621.4394205466509,0.3001082338574719
84.96206388341051,-621.0500484373954,0.3001085824498659
86.4076935895622,-620.6526248274487,0.3001089266174119
87.85110289948466,-620.247211117174,0.3001092667587812
89.2922618121043,-619.8338686043403,0.3001096004241717
90.73114092603316,-619.4126584925718,0.3001099314663946
92.16771163974464,-618.9836414813053,0.3001102575272156
93.60194625825795,-618.5468781672558,0.3001105795220553
95.03381777968008,-618.102428955358,0.300110896771578
96.46329999960238,-617.6503540401465,0.3001112099635961
97.89036752524017,-617.1907130247616,0.300111515952203
99.31499544970808,-616.7235659102424,0.3001118209378361
100.7371599783176,-616.2489717937467,0.3001121202004455
102.15683740765292,-615.7669900750949,0.3001124145250458
103.57400574008062,-615.2776809581841,0.3001127055515979
104.9886453754873,-614.7811071404906,0.3001129910598337
106.40073801041108,-614.2773349209017,0.300113275178667
107.8102664479904,-613.7664322012205,0.300113550313263
109.21721488806946,-613.248466881476,0.3001138253402544
110.6215684298707,-612.7235066605405,0.3001140931910342
112.02331297344767,-612.1916190383185,0.3001143582333583
113.4224352196062,-611.6528712153026,0.3001146182489478
114.81892276436554,-611.1073301901221,0.3001148745749447
116.2127642138774,-610.5550633676162,0.3001151279703435
117.6039486641485,-609.9961375429542,0.3001153748553093
118.9924665177154,-609.4306192184731,0.300115621113747
120.37830837275192,-608.8585746911501,0.3001158604015828
121.7614660272576,-608.2800699656323,0.3001160973095409
123.1419317851704,-607.6951706356006,0.3001163273778005
124.51969874515852,-607.103942008914,0.300116557292192
125.8947606058636,-606.5064491784477,0.3001167802017903
127.26711217019482,-605.9027568499691,0.300117000122853
128.6367484344285,-605.2929293189209,0.3001172152554403
130.00366550041304,-604.6770308886574,0.3001174282846364
131.36786006681302,-604.0551251560114,0.300117637809528
132.72932923761311,-603.4272757233846,0.3001178421479125
134.08807130763188,-602.7935456906382,0.3001180443078297
135.4440846804539,-602.153997955671,0.3001182420594261
136.79736875393297,-601.5086951204194,0.3001184344363352
138.1479236302394,-600.8576994847735,0.3001186244640763
139.49574970711677,-600.2010728504466,0.3001188108501722
140.84084838523393,-599.5388769109104,0.3001189935640624
142.1832214665422,-598.8711730731371,0.3001191709914366
143.52287144682515,-598.1980222348659,0.3001193481076498
144.85980133203418,-597.5194852950697,0.3001195205506235
146.19401481509288,-596.8356225553953,0.3001196877816738
147.52551630207068,-596.14649411279,0.3001198544629702
148.8543105877688,-595.4521598717942,0.3001200141492077
150.1804030760597,-594.7526792309044,0.3001201729057285
151.5037996680478,-594.0481114874515,0.3001203272371029
152.82450715982952,-593.3385156445286,0.3001204788357441
154.1425323515188,-592.6239501995865,0.3001206259219202
155.4578832458086,-591.9044734524242,0.3001207728619448
156.7705677416235,-591.1801435092923,0.3001209145086037
158.0805947373105,-590.4510180615376,0.3001210509752212
159.38797343656938,-589.7171545135394,0.300121185662519
160.69271353350024,-588.9786100670375,0.3001213181726569
161.99482543419975,-588.2354416162792,0.3001214478270242
163.2943199359567,-587.4877055679565,0.3001215715089387
164.59120813984896,-586.7354584192623,0.3001216937232627
165.88550194493922,-585.978755967371,0.300121813519155
167.177213549751,-585.2176540152957,0.3001219308182214
168.46635565513975,-584.4522080642494,0.3001220451470843
169.75294156383137,-583.6824731100099,0.3001221544174299
171.03698487112422,-582.9085040565805,0.3001222629250151
172.3184995824575,-582.1303556004406,0.3001223676602436
173.5975004922713,-581.3480819476987,0.3001224695706384
174.8740024047209,-580.5617370914149,0.3001225673626919
176.1480208181975,-579.7713749345361,0.3001226644561825
177.41957163218746,-578.9770488787059,0.3001227572671823
178.68867114770427,-578.1788122209949,0.3001228484721565
179.9553361642715,-577.3767178629141,0.3001229361619764
181.21958358326265,-576.570818404386,0.3001230214690267
182.48143139914825,-575.7611667445963,0.3001231048251398
183.7408982193328,-574.9478163834322,0.3001231827155166
184.99800384077628,-574.1308212228533,0.3001232611496505
186.2527680604054,-573.3102346596495,0.3001233370131402
187.5052114837336,-572.4861100984727,0.3001234076732046
188.7553547059963,-571.6585005364851,0.3001234772017866
190.0032189298555,-570.8274587723497,0.3001235452174242
191.2488258559773,-569.9930372088816,0.3001236110822276
192.4921971821348,-569.1552881447964,0.3001236731940864
193.7333555084267,-568.3142637791302,0.300123733434269
194.9723232362576,-567.4700157128601,0.3001237917867243
196.20912346529047,-566.6225954471204,0.3001238475620553
197.44377969477105,-565.7720544805446,0.3001239013852057
198.6763155243488,-564.9184436132459,0.3001239520414387
199.90675505708043,-564.061813844914,0.3001240003023326
201.13512268784928,-563.2022157753055,0.3001240466260739
202.36144322168784,-562.3396996055416,0.3001240905649283
203.5857416540466,-561.4743156363977,0.3001241344492413
204.80804328889465,-560.6061135662574,0.3001241751693868
206.0283739222704,-559.7351432964961,0.3001242131074377
207.24675955855787,-558.8614540241019,0.3001242498303469
208.4632262947653,-557.9850952529104,0.3001242847328029
209.677800931781,-557.1061158796502,0.3001243171508037
210.8905102703805,-556.2245648083938,0.3001243461951191
212.1013815089977,-555.3404905338664,0.3001243775120272
213.31044194705916,-554.4539415603755,0.3001244022575946
214.51771928866748,-553.5649656856715,0.3001244294925413
215.7232400278732,-552.6736094106915,0.300124451628605
216.9270309703287,-551.7799182360889,0.300124473060265
218.1291189097584,-550.8839376606231,0.3001244924528095
219.32953085254732,-549.985712884514,0.3001245101579997
220.52829409587684,-549.0852891063241,0.3001245289921428
221.7254363400724,-548.1827111295223,0.3001245446719878
222.9209853850175,-547.278023752433,0.3001245577106033
224.11496902745773,-546.3712714749664,0.3001245689046072
225.30741567290272,-545.4624988968742,0.3001245805092054
226.49835361790736,-544.5517500182341,0.3001245867474154
227.68781156512037,-543.6390691387215,0.3001245973377706
228.87581831061092,-542.7245000584088,0.3001246031452922
230.06240305973412,-541.8080865779303,0.3001246076065484
231.24759480703165,-540.8898723989423,0.3001246099398571
232.4314230560957,-539.9699010181045,0.3001246117976706
233.61391740404133,-539.048215636361,0.3001246132840975
234.79510765148348,-538.1248595537027,0.3001246101564732
235.9750237019508,-537.1998758727971,0.3001246094884067
237.15369565244723,-536.2733073905852,0.3001246070981409
238.33115390151488,-535.3451970098083,0.3001246028741349
239.5074288542357,-534.4155873270994,0.3001245983092104
240.6825511056411,-533.4845208424885,0.3001245915539385
241.85655135571653,-532.5520401601332,0.3001245825490599
243.02946050915543,-531.6181873770155,0.3001245751185166
244.20130966129125,-530.6830047945339,0.3001245651401802
245.3721300117818,-529.7465344104037,0.3001245541880308
246.54195256475143,-528.808818023509,0.3001245428661718
247.71080881877003,-527.869897338561,0.300124530171729
248.87873027161996,-526.9298140547666,0.3001245170470952
250.0457484268312,-525.9886096697851,0.3001245036979725
251.21189498001692,-525.0463256845303,0.3001244876805202
252.37720173561604,-524.1030032984052,0.3001244744211107
253.541700690456,-523.1586838124775,0.3001244567612815
254.70542374392423,-522.2134083269989,0.3001244388213848
255.86840240049992,-521.2672172406715,0.3001244211158109
257.0306682552921,-520.3201505531342,0.3001244010951609
258.1922526107793,-519.3722483684061,0.3001243822796482
259.35318726817616,-518.4235503810094,0.3001243635027748
260.5135036241319,-517.4740963927028,0.300124340966363
261.6732336808845,-516.5239262048929,0.3001243214110047
262.8324089374912,-515.5730794189878,0.3001242995716211
263.9910614924938,-514.6215956321134,0.3001242769409771
265.14922314899604,-513.6695144443341,0.3001242542933369
266.3069259070596,-512.7168752556416,0.3001242321020498
267.464201762293,-511.76371766811167,0.300124209159776
268.62108302179104,-510.8100809812846,0.3001241852235665
269.7776015769716,-509.85600459216624,0.3001241582721263
270.93378983592174,-508.9015278047344,0.3001241364700746
272.0896786933456,-507.9466896154128,0.3001241103021357
273.2452962511816,-506.9915245258815,0.3001240862451055
274.4006626079771,-506.0360543400309,0.3001240601600301
275.55578886783155,-505.0802927520183,0.3001240371504963
276.7106840245332,-504.1242519628445,0.3001240104519382
277.86535758166895,-503.16794357301706,0.3001239838273335
279.01981903992896,-502.2113791856309,0.3001239582684007
280.1740780985001,-501.2545703966826,0.3001239321782236
281.3281440568745,-500.297528807884,0.3001239054510591
282.48202671500223,-499.34026611878215,0.3001238798550503
283.63573537238017,-498.3827938307848,0.3001238524077081
284.7892797306662,-497.4251236407254,0.3001238251147526
285.94266929047,-496.4672670532421,0.3001237986085669
287.0959137484514,-495.5092355628492,0.300123770745472
288.2490225074491,-494.5510409743089,0.3001237442042708
289.4020052648068,-493.5926945849891,0.3001237158051992
290.5548715242436,-492.63420819593,0.3001236886648115
291.70763098272823,-491.6755933084978,0.3001236605311845
292.8602931413769,-490.7168614189847,0.3001236340442119
294.0128676005502,-489.7580241300108,0.3001236064007315
295.1653640585064,-488.7990930419056,0.3001235771856017
296.3177920184154,-487.84007965161055,0.3001235499234411
297.4701610768441,-486.8809954617393,0.3001235209138997
298.62248093370613,-485.9218521734507,0.3001234925473142
299.7747610934936,-484.96266128323145,0.3001234653672782
300.9270112514595,-484.00343429503096,0.3001234374937382
302.0792410112596,-483.04418270532346,0.3001234094536187
303.2314599690065,-482.0849181173836,0.3001233816966788
304.3836776276406,-481.1256521276413,0.3001233524293809
305.5359024864887,-480.1663948383741,0.3001233247354236
306.68813924683343,-479.2071517492532,0.3001232966442302
307.8403888048108,-478.2479240602655,0.300123268564505
308.99265186421053,-477.28871257233504,0.3001232409899188
310.14492912268975,-476.32951808156986,0.3001232125741779
311.2972209809569,-475.3703411919244,0.3001231838031799
312.4495283390713,-474.4111828032021,0.3001231576802752
313.6018514996989,-473.4520436140336,0.3001231283248984
314.75419135815355,-472.4929243243556,0.3001231002936464
315.9065484162119,-471.5338257348277,0.3001230713591383
317.05892327462163,-470.5747485467251,0.3001230447540024
318.2113166331219,-469.6156935569404,0.3001230186264081
319.36372899264984,-468.6566614679388,0.3001229868121129
320.5161611509544,-467.6976530791025,0.3001229602967044
321.6686135090212,-466.7386690892827,0.3001229335003472
322.8210868680921,-465.7797102005442,0.3001229052218406
323.97358172817155,-464.8207772128569,0.3001228785902015
325.12609878491946,-463.8618709219492,0.3001228485941283
326.2786386427123,-462.90299203324514,0.3001228209705999
327.43120190370485,-461.9441412445912,0.3001227942803268
328.58378926217847,-460.985319356406,0.3001227659673446
329.7364012215413,-460.0265271656101,0.3001227381536324
330.88903837751025,-459.0677652773354,0.3001227097812773
332.0417015369168,-458.1090345876495,0.3001226819109348
333.1943911967636,-457.1503356998378,0.3001226533300354
334.3471079541938,-456.1916694103406,0.3001226270800998
335.4998524131254,-455.23303662093065,0.30012260019042
336.6526253713206,-454.2744378334562,0.3001225725368073
337.80542723107874,-453.31587394354347,0.3001225437915309
338.95825868980774,-452.3573456525384,0.3001225172836967
340.11112044761205,-451.39885376407966,0.3001224885485527
341.2640130048378,-450.4403989769361,0.3001224621255005
342.4169370637842,-449.481982086685,0.3001224343711897
343.56989312260725,-448.5236036991013,0.3001224066778434
344.72288198192143,-447.56526470953656,0.3001223791306415
345.87590414001943,-446.6069658206153,0.3001223520783327
347.02896019818354,-445.6487077314085,0.3001223249628424
348.1820508560968,-444.6904912422923,0.3001222959574932
349.33517671498043,-443.7323171538738,0.3001222690592158
350.48833837440554,-442.77418606449976,0.3001222434093193
351.6415364329174,-441.8160988753695,0.3001222144683879
352.7947715907412,-440.858056187161,0.3001221877022288
353.94804434889,-439.9000588984728,0.3001221621110517
355.1013553074929,-438.94210770813913,0.3001221328789398
356.25470526551294,-437.98420331987415,0.3001221065616448
357.4080947235737,-437.0263465303466,0.3001220794289594
358.561524282793,-436.06853794201845,0.3001220530808552
359.7149946405099,-435.1107785530132,0.3001220259716461
360.8685063003944,-434.1530689635968,0.3001219990703845
362.0220599590671,-433.1954098767448,0.3001219724170028
363.1756562163953,-432.2378021864441,0.3001219434503639
364.3292956754377,-431.28024649902,0.3001219174606007
365.4829789326342,-430.32274360994336,0.3001218922334772
366.6367064900796,-429.3652941204863,0.3001218638125067
367.7904790489473,-428.4078988314911,0.3001218380896944
368.9442972076505,-427.450558444,0.3001218108965133
370.0981614658037,-426.4932736545516,0.3001217837334451
371.2520724237616,-425.5360451650481,0.300121758326199
372.40603078286586,-424.5788737771418,0.3001217322257901
373.5600369410686,-423.6217600867872,0.3001217044614748
374.7140915994863,-422.6647049009384,0.3001216790218137
375.8681953566737,-421.7077089119277,0.3001216516753686
377.0223488149861,-420.7507727209813,0.300121625487094
378.17655247405753,-419.7938972340156,0.3001215999838678
379.33080693017246,-418.8370829432776,0.3001215737643861
380.4851128892493,-417.8803308558584,0.3001215464838367
381.6394708469497,-416.923641367998,0.3001215205063374
382.7938814060341,-415.967015477407,0.3001214945106483
383.9483450637344,-415.0104536912614,0.3001214701226615
385.1028625215906,-414.0539568005205,0.300121443703091
386.25743438026575,-413.09752551318775,0.3001214174204278
387.4120611374293,-412.1411606233687,0.3001213911351783
388.56674349626087,-411.18486273543056,0.3001213658956203
389.7214818523404,-410.2286326478204,0.3001213388204178
390.8762770117808,-409.272470959205,0.3001213142089511
392.03112946974807,-408.3163784697797,0.3001212876266663
393.1860397261097,-407.3603558822893,0.3001212635215893
394.3410084848248,-406.4044039935871,0.3001212376280193
395.49603624286783,-405.4485234045716,0.3001212117765703
396.6511235998055,-404.4927148172724,0.3001211855055885
397.8062712582176,-403.53697902872807,0.3001211603107663
398.9614796156295,-402.58131674019376,0.3001211346750665
400.11674947328345,-401.6257286514817,0.3001211090502806
401.2720812311753,-400.67021556468416,0.3001210855220506
402.42747548938735,-399.71477797400274,0.3001210590563516
403.5829329478222,-398.75941678694016,0.3001210344898481
404.7384540041977,-397.8041327992434,0.3001210084104286
405.8940382618283,-396.8489254101039,0.3001209846187862
407.04968182057416,-395.8937895219641,0.3001209597127854
408.205376778429,-394.93871563380446,0.3001209352903515
409.3611144342025,-393.98369344626434,0.3001209096789239
410.5168858939074,-393.0287122575225,0.3001208853193589
411.6726826495943,-392.0737616702788,0.300120860097337
412.8284960081359,-391.1188309819888,0.30012083546805
413.9843170657704,-390.1639097932909,0.3001208104439854
415.1401372226833,-389.20898740465583,0.300120785078974
416.2959477813414,-388.2540535165009,0.3001207621206276
417.45173993705214,-387.2990973273205,0.3001207348939942
418.6075050962327,-386.3441084389732,0.300120711944146
419.76323455305976,-385.3890763520205,0.3001206881419875
420.91891951166576,-384.4339904629837,0.3001206606229516
422.07455136998055,-383.4788401755482,0.3001206378579013
423.23012132695146,-382.5236150864645,0.3001206119870971
424.3856205834791,-381.5683044985482,0.3001205870471608
425.5410406434247,-380.6128981089135,0.3001205612847286
426.6963726002266,-379.65738522076526,0.3001205369053821
427.8516077583902,-378.7017552326213,0.3001205114036338
429.0067375158327,-377.7459978455894,0.3001204853193542
430.16175297321786,-376.79010245771417,0.3001204610114882
431.316645530502,-375.8340584674527,0.3001204343177051
432.4714063895334,-374.8778553792868,0.3001204085990139
433.6260267470086,-373.9214827906252,0.3001203831891246
434.7804980052465,-372.9649301032965,0.30012035773251
435.93481126257154,-372.0081868154164,0.3001203300637769
437.0889579221706,-371.0512424245144,0.300120304302709
438.2429290798034,-370.0940865367073,0.300120278268281
439.3967159387016,-369.1367085484794,0.3001202521936079
440.5503098975511,-368.179097959317,0.300120224994032
441.7037020538512,-367.2212444698136,0.3001201980823964
442.8568837128389,-366.26313748221855,0.3001201708901249
444.0098459728107,-365.3047664922602,0.3001201442949366
445.1625800295906,-364.346121102701,0.3001201154808086
446.31507718843886,-363.3871908132264,0.3001200875697236
447.4673285472536,-362.42796522500055,0.3001200595030298
448.6193253073167,-361.4684339357577,0.3001200302711027
449.7710585651236,-360.5085864460324,0.3001200033653219
450.9225196244959,-359.548412357495,0.3001199729079928
452.0736995840392,-358.58790116709446,0.3001199438011497
453.2245895429928,-357.62704267740924,0.3001199155416998
454.3751804015118,-356.66582598802586,0.3001198852029176
455.5254584622634,-355.704236199173,0.3001198545591421
456.6753954214943,-354.742239407682,0.3001198235821221
457.82495618126177,-353.7797917188276,0.3001197944250577
458.9741073406484,-352.81685402824024,0.3001197625270038
460.1228150006568,-351.8533874388851,0.3001197319491666
461.2710455592463,-350.88935244792805,0.3001196990314554
462.4187653206776,-349.92470935753363,0.3001196675094206
463.56594058039366,-348.95941876775294,0.3001196353942248
464.7125374425469,-347.9934411764527,0.3001196015546838
465.8585219020495,-347.02673718563284,0.3001195682314517
467.0038600628435,-346.0592675937675,0.3001195330630821
468.1485177248893,-345.0909930023247,0.3001194967783078
469.2924608870245,-344.1218743123415,0.3001194629704855
470.435655148313,-343.1518723211158,0.3001194253141364
471.57806620852057,-342.1809480284038,0.3001193873323586
472.719659670439,-341.2090625359777,0.3001193490999867
473.8604009327605,-340.2361770441148,0.300119311903984
475.0002553971126,-339.26225255190894,0.3001192712813747
476.1391881597633,-338.2872504593518,0.3001192314807497
477.2771645217472,-337.31113226625865,0.3001191911014018
478.4141493878126,-336.3338593733042,0.30011914745225
479.5501077506905,-335.355393479907,0.3001191043036897
480.685004315245,-334.3756961847614,0.3001190611906281
481.8188036790053,-333.39472939041593,0.3001190161189981
482.95147024520406,-332.4124547963496,0.3001189697938855
484.0829682109443,-331.42883430258905,0.300118923081385
485.213261474998,-330.4438297076246,0.3001188754404893
486.342313742133,-329.45740301108106,0.3001188241425723
487.4700889090817,-328.469516315601,0.3001187722468614
488.5965503745499,-327.48013201886124,0.3001187218580412
489.7216615413312,-326.48921232284704,0.3001186697315461
490.84538551048536,-325.4967199253982,0.3001186145624785
491.9676853782941,-324.50261742728435,0.3001185589373847
493.0885240458766,-323.50686773047687,0.3001185018740386
494.2078642161045,-322.50943383317576,0.3001184444360092
495.325668285716,-321.51027883482016,0.3001183847543132
496.4418986560829,-320.5093660364288,0.3001183233141375
497.5565175262168,-319.506658937258,0.3001182615500681
498.66948679655934,-318.5021212385037,0.3001181974451583
499.7807682684172,-317.4957166366288,0.3001181311906293
500.8903235399072,-316.4874093366241,0.3001180648722084
501.998113913356,-315.47716323500606,0.30011799659502
503.10410058559376,-314.4649429333297,0.3001179257419153
504.20824455962793,-313.45071293016383,0.3001178546081178
505.3105066344467,-312.4344379285465,0.3001177815499716
506.41084730928696,-311.41608282369856,0.3001177054925961
507.5092267842157,-310.3956129209541,0.300117630101596
508.60560536046216,-309.37299351614246,0.3001175508133258
509.6999428353803,-308.3481901104688,0.3001174713787122
510.7921989142036,-307.32116860636376,0.3001173889652477
511.88233229012894,-306.29189430107766,0.3001173056683228
512.9703005689279,-305.2603317937913,0.300117219209028
514.0560610465628,-304.22644558789284,0.3001171321535878
515.1395705271161,-303.19020077892185,0.300117042489461
516.2207857085905,-302.1515623714388,0.3001169501637264
517.2996631888262,-301.1104956636184,0.3001168569570041
518.3761588699425,-300.06696655169594,0.3001167602523082
519.4502287524151,-299.02094074115024,0.3001166627427949
520.5218284339373,-297.9723844301084,0.3001165623317376
521.590913118515,-296.92126411998186,0.3001164609140119
522.657438003052,-295.867546605608,0.3001163556653807
523.7213577862639,-294.8111987939461,0.3001162509350479
524.7826268737741,-293.752187979738,0.3001161419128948
525.8411994589956,-292.69048176653104,0.3001160321552731
526.897029446299,-291.62604815043795,0.3001159178535886
527.9500703339991,-290.5588552352033,0.300115803338457
529.0002755234227,-289.48887151837914,0.3001156856939815
530.0475977118572,-288.4160659017044,0.3001155657526624
531.0919897026372,-287.3404074825712,0.3001154433484601
532.1334037942057,-286.26186566373883,0.3001153188486398
533.1717920846302,-285.1804103440063,0.3001151893037104
534.2071060786405,-284.0960117233086,0.300115060698829
535.2392972700472,-283.0086401013182,0.3001149269570078
536.2683166648881,-281.9182663784014,0.3001147929978458
537.2941148609368,-280.82486185554063,0.3001146531789516
538.3166426559371,-279.72839823243226,0.3001145154640028
539.3358512531405,-278.6288487055206,0.3001143715225964
540.3516923495611,-277.52618718106334,0.3001142247420318
541.3641168497322,-276.42038785397074,0.3001140767314041
542.3730755472419,-275.31142542560895,0.3001139250217761
543.3785189473766,-274.1992747972735,0.3001137719730309
544.3803970484124,-273.0839113676975,0.3001136145971088
545.3786595495443,-271.9653108356918,0.3001134550382289
546.3732560523853,-270.8434494039971,0.3001132918562348
547.3641353561969,-269.7183034715792,0.3001131265397134
548.3512461602627,-268.589850037005,0.3001129582795556
549.3345369669033,-267.45806640409864,0.3001127858626944
550.3139555719844,-266.322930169417,0.3001126134313949
551.2894496786759,-265.18441963136127,0.3001124349679855
552.260966488326,-264.04251329285523,0.3001122547559589
553.2284527969684,-262.89719015467546,0.3001120699353805
554.1918551067241,-261.7484297136725,0.3001118838215291
555.1511196161366,-260.59621167143086,0.3001116945762021
556.1061920284286,-259.44051653084034,0.3001114998005505
557.0570177423212,-258.281324885533,0.3001113034717662
558.00354155401,-257.1186180423694,0.3001111031136929
558.9457082696265,-255.95237779737903,0.3001109024613981
559.8834619851674,-254.78258614999424,0.3001106967084297
560.816746503265,-253.60922590057132,0.3001104862649697
561.7455053187498,-252.4322801511646,0.3001102741575039
562.6696814365185,-251.2517325002895,0.3001100590966814
563.5892174584318,-250.06756704990823,0.3001098386983756
564.5040555772295,-248.8797685951097,0.3001096153008404
565.4141376994304,-247.6883221418331,0.3001093881267422
566.3194052204842,-246.49321338590164,0.3001091574896009
567.2197990440962,-245.29442872839357,0.3001089252745998
568.1152599686993,-244.09195467052731,0.300108689724027
569.0057279942779,-242.8857787101935,0.3001084487049184
569.891143021752,-241.67588864749865,0.3001082026195831
570.7714443497724,-240.462272887413,0.3001079559569746
571.6465708765109,-239.24492042334225,0.3001077043500686
572.516461305722,-238.02382085730025,0.3001074471114577
573.3810536376226,-236.7989642896987,0.3001071905332537
574.2402854681756,-235.57034152213384,0.3001069267013747
575.0940941004474,-234.33794375303552,0.300106661106895
575.9424163341295,-233.10176318246212,0.3001063914521182
576.7851884677953,-231.86179220872063,0.3001061171903245
577.6223460039882,-230.6180236330875,0.300105838290591
578.453823240839,-229.37045055796472,0.300105556558492
579.2795540774047,-228.1190666821335,0.3001052710470446
580.0994719158181,-226.86386650204676,0.3001049800192845
580.9135097571124,-225.60484512177092,0.3001046872103075
581.7216001978223,-224.3419981402293,0.3001043922132851
582.523675238953,-223.075322056768,0.3001040882374184
583.3196664803767,-221.80481407138376,0.3001037834658859
584.1095051252188,-220.5304721845618,0.3001034749636346
584.8931218707197,-219.25229489545265,0.3001031592692982
585.6704473163367,-217.97028190571652,0.3001028407030617
586.4414115628441,-216.68443341345835,0.3001025192459678
587.2059446113491,-215.39475082057984,0.3001021926085059
587.9639755597511,-214.1012358263655,0.3001018646828299
588.7154333106963,-212.80389122648532,0.3001015284645518
589.4602462604665,-211.50272032724504,0.3001011895862007
590.1983422135141,-210.19772762533643,0.3001008465155905
590.9296485648457,-208.88891802456385,0.3001004983724442
591.6540924194106,-207.57629751987008,0.3001001474803786
592.3716000742191,-206.2598727128969,0.3000997917308439
593.0820975306818,-204.93965130555236,0.3000994312777436
593.7855103878118,-203.61564169537752,0.3000990665414065
594.4817636463958,-202.2878530817989,0.3000986965974732
595.170781905283,-200.95629576800303,0.3000983243968846
595.8524892645422,-199.62098085139007,0.3000979442399796
596.5268092265214,-198.28192023352156,0.300097562416056
597.1936651894899,-196.93912691355405,0.3000971767532689
597.8529794518751,-195.5926146898813,0.3000967840619069
598.504674216639,-194.2423989673736,0.3000963868727524
599.1486720814088,-192.8884956411307,0.3000959859275838
599.7849041478113,-191.5309249131776,0.3000955815851682
600.4133121136507,-190.169714482247,0.3000951710051254
601.0338402835198,-188.804893948864,0.3000947572843415
601.6464330515369,-187.43649331435265,0.3000943379296643
602.2510346225803,-186.06454317802712,0.3000939138251226
602.8475887928292,-184.68907483934527,0.3000934851838508
603.436039065792,-183.3101199983061,0.3000930525741125
604.0163288380929,-181.92771125312143,0.3000926158261734
604.5884010121134,-180.54188180741244,0.3000921733027155
605.1521983862984,-179.15266526177913,0.3000917267380032
605.7076635636993,-177.76009631103022,0.3000912750222539
606.2547385398549,-176.36420985782922,0.3000908185062485
606.7933653159947,-174.96504190402072,0.3000903583244394
607.3234855946009,-173.56262884669422,0.3000898918974144
607.8450407739559,-172.15700798599414,0.3000894232924622
608.3579718540849,-170.74821722671084,0.3000889485601021
608.8622198355729,-169.33629516095425,0.3000884676436044
609.3577253164245,-167.92128139496504,0.3000879842239499
609.8444284989561,-166.50321592531827,0.3000874955122583
610.3222694826173,-165.08213975550746,0.300087001287693
610.7911881673238,-163.65809448175833,0.3000865030515456
611.2511240506623,-162.23112270550632,0.3000860009702819
611.7020164368505,-160.80126752706724,0.3000854934032588
612.1438044230741,-159.36857354789072,0.300084980984451
612.5764327119867,-157.93308756291185,0.3000844647791894
612.9998682996397,-156.49486307807013,0.3000839424355206
613.4140950885169,-155.05395869050142,0.3000834173554381
613.8190974771132,-153.61043439802654,0.3000828858451996
614.2148600665865,-152.16434950478492,0.3000823497516762
614.6013672586649,-150.71576340814488,0.3000818120284521
614.9786035489243,-149.26473551191646,0.3000812663042325
615.3465535414007,-147.81132491127732,0.3000807169664199
615.7052022338341,-146.35559130777494,0.3000801635216703
616.0545346271329,-144.89759400122944,0.3000796027184833
616.3945355211201,-143.43739229335733,0.3000790417599432
616.7251899167107,-141.9750459810184,0.3000784746538443
617.0464827107061,-140.5106141696159,0.30007790476634
617.3583988073611,-139.04415665406168,0.3000773273863046
617.6609231033189,-137.5757329360597,0.3000767483276831
617.9540404984303,-136.10540251320833,0.3000761630879651
618.2377357961581,-134.63322509036016,0.300075574103289
618.5119939939281,-133.1592604647674,0.3000749822122088
618.7767997921533,-131.6835684361248,0.3000743837108643
619.0321379901885,-130.20620870535868,0.3000737811948397
619.2779934881115,-128.7272413723565,0.3000731754615913
619.5143510885797,-127.24672653532048,0.3000725650120444
619.7411954882549,-125.764724194746,0.3000719513707963
619.9585113882541,-124.28129475464743,0.300071331817378
620.1662836892085,-122.7964985100724,0.3000707102013962
620.3644968906679,-121.31039596396784,0.300070083235596
620.5531357901993,-119.82304781501966,0.300069451474144
620.7321850933187,-118.3345148629835,0.3000688162421738
620.9016293951535,-116.84485790820328,0.300068177306116
621.0614532968619,-115.35413815316122,0.300067535388564
621.2116413989273,-113.86241679349835,0.300066888974186
621.3521783031177,-112.36975523088132,0.3000662363025412
621.4830486046329,-110.87621516431555,0.3000655817352253
621.6042368070489,-109.38185829833584,0.3000649237881703
621.7157275105596,-107.88674662845348,0.3000642592166969
621.8175052144383,-106.39094245618072,0.3000635932567661
621.9095556183257,-104.89450827904216,0.3000629211903174
621.9918674212425,-103.39750690272774,0.3000622457936401
622.0644310260585,-101.90000112355096,0.300061569659249
622.1272365315989,-100.40205433989172,0.3000608869966186
622.1802744331706,-98.90373005408026,0.3000601998598995
622.2235348392556,-97.40509146630598,0.3000595110182189
622.2570081434533,-95.90620237440488,0.3000588174922995
622.2806846475113,-94.40712658103767,0.3000581213032092
622.2945543517714,-92.9079279847233,0.3000574189289864
622.2986078560513,-91.4086706863128,0.3000567149504149
622.2928351596909,-89.90941898386222,0.3000560064067485
622.2772266649167,-88.41023748052089,0.3000552960061782
622.251772569215,-86.91119077281007,0.3000545797870018
622.2164631738017,-85.41234386328608,0.3000538616282142
622.1712887776113,-83.9137618525939,0.3000531397574377
622.1162394827273,-82.41551013666378,0.3000524141514802
622.0513057857189,-80.9176542195022,0.3000516856614013
621.9764777890128,-79.42025999918872,0.3000509514023406
621.8917459932353,-77.9233934755456,0.300050215686781
621.7971004985409,-76.42712104947157,0.3000494776153459
621.6925317999501,-74.93150952148108,0.3000487345958049
621.5780302035549,-73.43662559215022,0.3000479895270587
621.4535867083415,-71.94253635830296,0.3000472406010317
621.3191921114001,-70.44930942320048,0.3000464874148747
621.1748377132367,-68.95701238231413,0.3000457307580859
621.0205145153521,-67.46571334159228,0.3000449712471891
620.8562135178597,-65.97548059677843,0.3000442099628913
620.6819260184691,-64.48638264923284,0.3000434448226201
620.4976431188239,-62.99848899987887,0.3000426757336072
620.3033550206325,-61.51186924832132,0.3000419048431695
620.099050821684,-60.02659249274154,0.3000411302789985
619.8847375232157,-58.542726534797,0.300040354378325
619.6604388230189,-57.06033697452915,0.300039573477477
619.4261820217769,-55.5794884115162,0.3000387893541756
619.1819941212583,-54.10024514475072,0.3000380034721956
618.9279024181429,-52.62267067604125,0.3000372148132442
618.6639339180759,-51.14682880519536,0.3000364230850891
618.3901156150027,-49.67278263179287,0.3000356285506314
618.1064746114417,-48.20059495520468,0.3000348308851244
617.8130377094137,-46.73032847583033,0.3000340302776294
617.5098317035585,-45.26204549525528,0.3000332281279725
617.1968836005581,-43.79580801070495,0.3000324219534604
616.8742199964317,-42.331677924090855,0.3000316147680451
616.5418676895737,-40.869716633668986,0.300030803312552
616.1998531840353,-39.4099855413516,0.3000299900965615
615.8482031758003,-37.95254564539823,0.3000291753959345
615.4869441685817,-36.49745774939663,0.3000283586747514
615.1161026611501,-35.044782449254626,0.3000275366003393
614.7357050510911,-33.594580246567034,0.3000267150617901
614.3457777422533,-32.14691124106105,0.3000258891289036
613.9463470327985,-30.70183543447604,0.3000250620215752
613.5374391222081,-29.259412724283607,0.3000242341910279
613.1190804110615,-27.81970271163982,0.3000234013614431
612.6912968972665,-26.382764895157838,0.3000225667093446
612.2541147844373,-24.94865857639843,0.3000217309294726
611.8075601691203,-23.517443057435912,0.3000208938416335
611.3516590565073,-22.08917723434479,0.3000200529825747
610.8864375391631,-20.66392010726372,0.3000192115281948
610.4119214241009,-19.24173038035326,0.3000183675993639
609.9281367063905,-17.82266684917647,0.300017521869961
609.4351092891799,-16.406788015055895,0.3000166739008705
608.9328649696497,-14.994152282117511,0.30001582461108
608.4214295485821,-13.5848180426226,0.3000149713447513
607.900828828868,-12.178843702625954,0.3000141192235332
607.3710886069146,-10.77628735871167,0.3000132633079033
606.8322344846821,-9.377207113712984,0.3000124071742789
606.2842923602643,-7.9816612663632895,0.3000115490145276
605.7272877355989,-6.5897076160656525,0.3000106874276866
605.1612463105729,-5.201404263497807,0.300009826987889
604.5861937830563,-3.816809108590178,0.3000089639656949
604.0021557567304,-2.435980151664125,0.3000080984131728
603.4091578276335,-1.0589751912557404,0.3000072324704774
602.8072255977869,0.3141477713372751,0.3000063651589357
602.1963847674282,1.6833309361205693,0.3000054958833402
601.5766608364376,3.048516402909854,0.3000046244082455
600.9480794038302,4.409646273169415,0.3000037529737938
600.3106662707763,5.766662645923134,0.3000028784882715
599.6644468332933,7.119507619587466,0.3000020049839804
599.0094468993027,8.468123296551767,0.3000011279316368
598.3456920607499,9.812451575527234,0.3000002527379592
597.6732079222728,11.152434457012076,0.2999993744035123
596.9920202825284,12.48801383896307,0.2999984954279284
596.3021548415488,13.819131725587567,0.2999976144150196
595.6036372998544,15.145729714331992,0.2999967332891629
594.8964935574887,16.467749705460392,0.2999958498320438
594.1807493129421,17.785133198506173,0.299994967947498
593.4564305669,19.097821793229173,0.2999940832597758
592.723563219243,20.40575689103548,0.2999931972219087
591.9821732692776,21.70888009225064,0.2999923117705521
591.2322867196596,23.00713239454137,0.2999914244143156
590.4739296686492,24.300455099139413,0.2999905369450175
589.7071283180983,25.588789105782094,0.2999896496602332
588.9319088623513,26.872075414637152,0.2999887605961362
588.1482978078927,28.150254825412503,0.2999878701913303
587.3563213510145,29.423267839624828,0.2999869790841103
586.5560060940924,30.69105505528978,0.2999860894345261
585.7473786324291,31.953556773483115,0.2999851948136438
584.9304656719307,33.21071309444551,0.2999843042996417
584.1052939092722,34.462464015766955,0.2999834117942441
583.2718904468994,35.70874954221358,0.2999825187362148
582.4302822812077,36.94950916792197,0.2999816242387396
581.5804964153958,38.18468229732798,0.2999807315840712
580.7225602467911,39.41420842889079,0.2999798379304366
579.8565012776769,40.63802636260118,0.299978944566476
578.9823470044146,41.85607519899281,0.2999780485892529
578.1001250322964,43.06829353673709,0.299977151713108
577.2098634571378,44.27461977713028,0.2999762577873071
576.311590281395,45.474991919383456,0.2999753628883468
575.4053341042987,46.66934836394739,0.2999744657208794
574.4911279235208,47.85763080944764,0.2999735712236884
573.5690177426594,49.03979045906578,0.2999726756058862
572.639056859115,50.21578430924637,0.299971779965972
571.7012991756652,51.38557026374178,0.29997088476631
570.7557986899258,52.549107018013046,0.2999699875787769
569.8026091013046,53.70635297467402,0.2999690946340365
568.8417838127612,54.85726723473908,0.2999682002543977
567.8733762208411,56.001808896003695,0.2999673039355457
566.8974395289229,57.13993735840825,0.2999664098176708
565.9140265338317,58.2716121235286,0.299965515776023
564.9231903361803,59.39679319152401,0.2999646211108029
563.9249832391528,60.51544036089308,0.2999637275867144
562.9194578390595,61.62751393171288,0.2999628327385721
561.9066664378173,62.73297430510786,0.2999619428041455
560.8866615327917,63.83178227935503,0.2999610486078268
559.8594953267901,64.92389885677017,0.2999601565187504
558.8252202199535,66.00928543585587,0.299959265891573
557.783888311611,67.08790341650422,0.2999583765490001
556.7355514997392,68.15971449946016,0.2999574852742057
555.6802617891061,69.22468048275539,0.2999565971684319
554.6180705735742,70.28276317075495,0.299955707129186
553.5490296563662,71.33392475871233,0.2999548204907682
552.4731904395396,72.37812725101617,0.2999539327032607
551.3906040183373,73.415333042572,0.2999530470116838
550.3013217969724,74.44550453556747,0.2999521614610216
549.205394772457,75.46860423103453,0.2999512763564667
548.1028739466224,76.4845948279708,0.2999503929993352
546.993810018965,77.49343892705974,0.2999495097072326
545.8782539890462,78.49509942738428,0.2999486306118228
544.7562563567544,79.48953923105205,0.2999477478512062
543.6278677219843,80.47672123504958,0.2999468684130875
542.4931386872853,81.45660854126027,0.2999459900490819
541.3521196505483,82.42916424866894,0.2999451120989533
540.204860810441,83.39435155920569,0.2999442360851958
539.0514126669159,84.35213357032535,0.2999433610712572
537.8918253255382,85.30247378307467,0.2999424879052412
536.7261489788385,86.24533529826397,0.2999416150138927
535.5544338306454,87.18068161473707,0.2999407446732789
534.3767298820622,88.1084760308363,0.2999398761096472
533.1930871296164,89.02868205034292,0.2999390064449017
532.0035557767382,89.94126307079432,0.2999381390494591
530.8081855202681,90.84618259350508,0.2999372744067159
529.6070266633118,91.7434041179174,0.2999364100417097
528.4001289027335,92.63289104340492,0.2999355468224394
527.1875422398706,93.51460686960468,0.2999346875183164
525.9693167745539,94.38851519955642,0.2999338270126941
524.7455022105961,95.25457942931234,0.2999329699123336
523.5161487419801,96.11276306107834,0.2999321139116659
522.2813061697135,96.96302949379115,0.2999312604743522
521.041024597336,97.8053422278856,0.2999304073470057
519.7953540220778,98.63966476467236,0.2999295558056474
518.5443445466819,99.46596040197323,0.2999287057855895
517.2880462667738,100.28419244099108,0.2999278612727494
516.0265092834742,101.09432438204816,0.2999270162324023
514.7597840008631,101.89631932279758,0.2999261718186972
513.4879204149848,102.69014066611952,0.299925330418489
512.2109691262218,103.47575151133196,0.2999244917044166
510.9289804377271,104.25311515587292,0.2999236553484365
509.6420049443325,105.02219450482698,0.2999228180901241
508.3500931502992,105.78295275172196,0.2999219858172637
507.053295852979,106.53535280221628,0.299921154488004
505.7516638536333,107.2793575537312,0.2999203257749627
504.4452479515268,108.01492990631982,0.2999194993387277
503.1340993488204,108.7420326593044,0.2999186775111866
501.8182691409354,109.46062841414653,0.2999178544019969
500.4978086329101,110.17067997013248,0.2999170339659827
499.17276932187167,110.87214962888264,0.29991621669609
497.8432027096867,111.56499998581135,0.2999154017935552
496.5091605926907,112.24919334478398,0.2999145890535715
495.17069487668346,112.92469210772708,0.29991377923767
493.8278576568008,113.5914582698258,0.2999129716789639
492.48070113401457,114.2494539322297,0.2999121669276405
491.1292779093,114.89864119720336,0.2999113655874339
489.7736405824985,115.53898196275144,0.299910565612322
488.4138419507251,116.17043782906605,0.299909766214057
487.04993511912096,116.79297069759616,0.2999089724582973
485.6819734852662,117.40654206568844,0.2999081812391182
484.31001054717126,118.01111343668153,0.2999073930905638
482.9341001091342,118.60664610780032,0.2999066076360464
481.5542961675405,119.19310148007683,0.2999058239314536
480.1706530231708,119.77044055441728,0.2999050416093496
478.7832252769733,120.3386244274766,0.2999042652064076
477.392067726979,120.89761400246108,0.299903490535371
475.99723547438816,121.44737007863762,0.2999027204506888
474.59878402104766,121.98785335587309,0.299901950008234
473.1967690649286,122.51902433514988,0.2999011863257124
471.7912466058033,123.0408436140458,0.2999004245299375
470.38227314368646,123.55327129326965,0.2998996646454657
468.9699053788971,124.05626827389028,0.2998989077582337
467.5542022109721,124.54979925673616,0.2998981538003136
466.13522534281685,125.0338377384461,0.2998974065987454
464.7130383717063,125.50836132287871,0.299896659146043
463.287704795121,125.97334800656392,0.2998959163772952
461.85928821786433,126.42877579358822,0.2998951776525018
460.4278521400573,126.87462257733318,0.2998944420663747
458.9934603570906,127.3108662666773,0.299893707273327
457.55617657164566,127.73748505361392,0.2998929786782582
456.1160655847758,128.15446094168783,0.2998922523352689
454.6732020946508,128.56180933135556,0.2998915325151188
453.22767800083,128.95961282127723,0.2998908130841187
451.7795867074195,129.34796761147084,0.2998900959194088
450.3290130096193,129.72694620445282,0.2998893837798277
448.8760359080802,130.09660339495554,0.2998886772325022
447.4207319052605,130.45699098759587,0.2998879727056192
445.9631762000306,130.80816088033612,0.2998872724452894
444.503442593648,131.15016547507548,0.2998865744019099
443.0416038822267,131.48305716911227,0.2998858812210301
441.577731368508,131.80688886559255,0.2998851894357699
440.1118954542284,132.12171335931646,0.2998845015427491
438.6441649368607,132.4275840569427,0.2998838182278405
437.1746077170413,132.72455435139,0.2998831392225156
435.70329039582816,133.012678048334,0.2998824637862753
434.23027837049824,133.29200894629116,0.2998817891280509
432.75563594464006,133.56260114298425,0.2998811211060115
431.2794264137269,133.82450894170927,0.2998804554194976
429.80171178219575,134.0777868408194,0.299879789579677
428.32255284887685,134.32249004062805,0.2998791318854614
426.8420098121538,134.55867423988002,0.2998784773134844
425.3601414718876,134.78639544068574,0.2998778253961518
423.8770055328309,135.00570963900464,0.2998771777498064
422.39265879101447,135.21667313887497,0.2998765333376241
420.9071566444997,135.41934234165342,0.2998758907404522
419.4205539973093,135.61377384281127,0.2998752524207475
417.932904346683,135.80002604228048,0.2998746176648978
416.4442606944956,135.9781593438163,0.2998739863987794
414.9546749405616,136.14823534603602,0.2998733588258346
413.4641979844372,136.3103160468911,0.2998727364398519
411.9728797254867,136.46446344891388,0.2998721152798111
410.4807687649732,136.6107396536256,0.2998714981700914
408.98791280361854,136.74920695509604,0.2998708837196204
407.49435863805513,136.87992775839894,0.2998702735449683
406.00015177172384,137.00296426136026,0.2998696651730483
404.5053369026269,137.11837926489454,0.2998690623346647
403.00995753050665,137.2262350682231,0.2998684613414752
401.5140563589128,137.32659437011375,0.2998678642279628
400.0176749831545,137.4195199748998,0.2998672716410056
398.5208540078489,137.50507447949383,0.2998666795865006
397.023633227688,137.58332078201988,0.299866093135563
395.5260512469424,137.65432168703728,0.299865507903803
394.0281460653375,137.7181400906154,0.2998649286138288
392.5299544786829,137.77483899514323,0.2998643520627411
391.031512392811,137.8244812996753,0.2998637757571032
389.5328549053932,137.86713000355394,0.2998632069417226
388.0340162136079,137.90284810691242,0.2998626391909624
386.53502962120126,137.93169861383535,0.2998620748624603
385.0359275287898,137.95374471639605,0.29986151280076
383.5367413331611,137.96904942117123,0.2998609543288353
382.0375018339244,137.9776757254765,0.2998603992213589
380.5382389343671,137.97968682935084,0.2998598480629653
379.0389814325382,137.97514583420457,0.2998592988825521
377.5397576298408,137.96411563966035,0.2998587539220807
376.040594925037,137.94665954204424,0.2998582092791366
374.54151971960925,137.92284054718152,0.2998576680876113
373.0425578102702,137.8927217517205,0.2998571332910842
371.5437343011563,137.856366155665,0.2998565986407016
370.0450730907708,137.81383686076674,0.299856067997041
368.5465978764714,137.765196864706,0.2998555406381911
367.0483310620351,137.71050906847995,0.2998550153589008
365.5502946464096,137.6498366725457,0.2998544937473753
364.0525098281197,137.5832423764709,0.2998539736004204
362.5549970078945,137.5107892811268,0.2998534568305899
361.0577757870335,137.4325401835465,0.2998529453734591
359.5608651657808,137.34855798741728,0.2998524351456808
358.0642834401567,137.25890549221958,0.2998519255354495
356.568048215212,137.16364549547097,0.299851421754056
355.0721762873177,137.06284060020664,0.2998509177614892
353.57668385955105,136.95655410175982,0.2998504188787478
352.0815861279317,136.84485180502986,0.2998499227344382
350.58689749780183,136.72780180968016,0.2998494270443643
349.0926317633015,136.60547191351054,0.2998489355150582
347.5988018303475,136.4779300159197,0.2998484464250168
346.10541999369343,136.34524391942102,0.2998479602059092
344.61249795676486,136.20748141954334,0.2998474765752803
343.120046519115,136.0647102241344,0.299846995094299
341.6280759788451,135.91699792406962,0.2998465157266423
340.13659603637745,135.76441222757057,0.2998460383107613
338.64561549463224,135.60702043010383,0.2998455663030768
337.1551427503557,135.4448902330729,0.2998450930911076
335.6651856060515,135.27808893347537,0.2998446247670472
334.1757509596184,135.106683734974,0.2998441584422835
332.68684541327264,134.930742035987,0.299843694236813
331.19847476277187,134.7503310396305,0.2998432331549452
329.71064431392927,134.56551784141152,0.2998427717167828
328.2233588626068,134.37636934126226,0.2998423139935653
326.7366223113838,134.18295264337542,0.2998418604115045
325.2504384578764,133.98533474307385,0.2998414062678876
323.764810102444,133.7835822447405,0.2998409553829333
322.2797398464619,133.57776214566366,0.29984050588547
320.7952295903307,133.36794104597757,0.2998400579403437
319.3112808344198,133.15418554596158,0.2998396138755197
317.827894174245,132.93656224694735,0.2998391714376112
316.345070214432,132.71513764582608,0.2998387305886467
314.86280885255235,132.48997774545114,0.2998382907564405
313.3811100914656,132.2611445447012,0.2998378553193674
311.8999740302538,132.02869714585063,0.2998374196642999
310.41940026517887,131.79269474551256,0.2998369875788853
308.93938800131446,131.5531961440381,0.2998365557999136
307.4599360356376,131.3102603435924,0.2998361254740871
305.98104276793947,131.06394644251384,0.2998356973515115
304.5027061017188,130.81431304106763,0.2998352716371073
303.0249238335356,130.56141913881993,0.2998348490830835
301.54769296535494,130.30532333828944,0.2998344268234518
300.0710104943872,130.04608423674824,0.2998340059932047
298.5948728232331,129.78376063464225,0.2998335863484271
297.1192761518395,129.51841083134923,0.2998331696057335
295.64421618057713,129.25009343117108,0.2998327528311506
294.16968830753274,128.9788668277722,0.2998323407028351
292.69568773207254,128.70478942553973,0.29983192565021
291.2222091596132,128.42791932316686,0.2998315144603793
289.74924698243865,128.1483146205021,0.2998311060502487
288.2767955065312,127.86603291789991,0.2998306975782157
286.8048486308037,127.58113171552908,0.2998302889188835
285.3333999532168,127.29366851149234,0.2998298843352245
283.86244277333526,127.00370070858035,0.2998294786556812
282.39197019506287,126.71128560503848,0.2998290777256898
280.9219748155132,126.41648050138885,0.2998286764176896
279.4524492350862,126.11934259806004,0.2998282745549545
277.9833856550696,125.8199288944702,0.2998278751140333
276.5147756742099,125.51829788933946,0.2998274781449481
275.04661059047817,125.21450888697598,0.2998270815703563
273.57888230766275,124.90861618258282,0.2998266873959778
272.11158622618245,124.6006577788553,0.2998262936668538
270.64472234110394,124.29064677326004,0.2998258984606536
269.17829455836306,123.97857936840568,0.2998255075740985
267.7123081731155,123.66444466456346,0.2998251159175424
266.24676888775105,123.34823115986728,0.2998247266424982
264.7816822020708,123.02992705397412,0.2998243379805103
263.3170538157884,122.70952075043203,0.299823948954895
261.8528895284512,122.3870005467827,0.2998235645135878
260.389194940689,122.06235474097264,0.2998231788212138
258.9259761524477,121.73557183490186,0.2998227946197289
257.46323886391474,121.40664013090986,0.2998224103194502
256.0009889749592,121.07554802436609,0.2998220305793779
254.53923268446715,120.7422840176224,0.2998216496545183
253.07797589463416,120.40683631245064,0.2998212715529007
251.61722480367905,120.06919360727863,0.2998208933135515
250.15698551085984,119.72934409942332,0.2998205163564762
248.69726431870333,119.38727639439594,0.2998201391893644
247.23806732580044,119.0429788863396,0.2998197665673388
245.7794010327209,118.69644008044509,0.2998193936002167
244.3212718392981,118.34764857469644,0.2998190219688581
242.86368604467395,117.99659276705756,0.2998186527961479
241.40665024979137,117.64326116072355,0.2998182815505288
239.9501709525639,117.28764265370774,0.299817912717458
238.4942552553008,116.9297239463541,0.2998175474699565
237.0389107597988,116.5694894397068,0.2998171812691339
235.58414556149623,116.20692263104591,0.2998168179757954
234.1299677626208,115.8420072248698,0.2998164553487754
232.6763854648608,115.47472681565944,0.2998160923044111
231.22340686472117,115.10506530771612,0.2998157345379582
229.771040362897,114.73300619964414,0.2998153746618186
228.31929446258027,114.35853329243832,0.2998150174682337
226.8681774615732,113.98163038192116,0.299814662991821
225.41769795879588,113.6022811735006,0.2998143077516033
223.96786485651933,113.22046956488362,0.2998139546227207
222.51868665185464,112.83617925642623,0.2998136030723231
221.07017234750745,112.44939424687708,0.2998132528814494
219.62233084425395,112.0600983363572,0.2998129037365515
218.17517113705944,111.66827542913256,0.2998125542975458
216.72870243097577,111.27390941789749,0.299812209547099
215.28293382430047,110.87698430829424,0.2998118661693638
213.83787471729067,110.47748399727686,0.2998115225553306
212.39353450807067,110.07539248803846,0.2998111810872501
210.9499225979759,109.67069387605716,0.2998108411783278
209.5070485889437,109.26337216493869,0.2998105022873005
208.06492227814988,108.85341145434744,0.299810165993847
206.62355326626607,108.4407957437852,0.2998098294777946
205.18295145537505,108.02550923267016,0.2998094953402415
203.74312694256776,107.60753611961889,0.2998091649138246
202.30408972863268,107.1868604084633,0.2998088326262973
200.86584961408948,106.76346739762562,0.2998085021105225
199.428416199078,106.33734368489922,0.2998081757550039
197.9917988830265,105.90847667251523,0.2998078498798691
196.55600716662337,105.47685345900813,0.29980752614523
195.1210508489022,105.04246134679327,0.2998072022945166
193.6869394324497,104.60528773397688,0.2998068794814799
192.2536829124279,104.16531981913886,0.2998065607771991
190.8212909949285,103.7225450061478,0.2998062434181747
189.3897736722489,103.276950593043,0.299805924815189
187.9591409539073,102.82852397798185,0.2998056123479955
186.5294031302609,102.37725256479234,0.2998052977992529
185.1005702086145,101.92312394957024,0.2998049872210799
183.6726526858909,101.46612543500872,0.2998046787652129
182.24566086128905,101.00624461975563,0.2998043694968828
180.8196051361168,100.54346890493036,0.2998040627600176
179.39449611109194,100.07778598862797,0.2998037586327768
177.97034458289323,99.60918347241068,0.2998034565052876
176.5471610570844,99.1376487564205,0.2998031547567166
175.12495653042902,98.66316973948769,0.2998028569839448
173.70374180061458,98.18573392379471,0.2998025578972942
172.2835279711033,97.7053291079942,0.2998022622237499
170.86432614141546,97.2219429901719,0.2998019669056475
169.4461474093265,96.73556327197208,0.2998016750557895
168.02900307758847,96.2461778546965,0.2998013845413538
166.6129045447367,95.75377453767273,0.2998010968086078
165.19786321062878,95.2583411191813,0.2998008092205282
163.7838907749017,94.75986559968624,0.2998005246201956
162.3709986403673,94.25833578128707,0.2998002414637426
160.9591988037369,93.75373976317042,0.2997999587240656
159.5485029688582,93.24606534260306,0.299799680655326
158.13892303044207,92.73530072333983,0.2997994030536688
156.73047109057703,92.22143390243308,0.2997991279010534
155.3231591514882,91.70445298232652,0.2997988520944545
153.9169996101154,91.18434606175629,0.2997985823042199
152.51200456990648,90.66110134020504,0.2997983114897806
151.1081866282437,90.13470701957316,0.2997980442706875
149.70555808470812,89.60515129693749,0.2997977768843043
148.30413164286,89.07242257648295,0.2997975129961219
146.90391999766553,88.53650895280475,0.2997972507517943
145.50493595227556,87.9973989305206,0.2997969907648325
144.10719240570887,87.45508090811438,0.2997967303016935
142.71070235856257,86.90954318651825,0.2997964751994573
141.31547880965155,86.36077446194895,0.2997962215756047
139.921534960654,85.80876293730603,0.2997959679650535
138.5288842102239,85.25349741291302,0.2997957173809027
137.13753996231878,84.69496638836392,0.2997954670497051
135.74751561021048,84.13315846244609,0.2997952230672354
134.3588247558003,83.56806233813802,0.2997949778458633
132.97148110313418,82.99966671186723,0.299794735086266
131.58549855051228,82.42796038605843,0.2997944957253935
130.2008908942529,81.85293205982737,0.2997942566522056
128.81767223782862,81.27457073194819,0.2997940212145522
127.4358564819958,80.69286540505584,0.2997937867123141
126.05545782217462,80.10780537901587,0.2997935547028305
124.67649036505333,79.51937984894585,0.2997933254437726
123.298968505787,78.92757812041657,0.299793097440272
121.9229066447391,78.33238959353321,0.2997928718222624
120.5483191839,77.73380356245059,0.2997926500581798
119.17522092127864,77.13180953356675,0.2997924277496508
117.80362645869307,76.52639700345571,0.2997922099499988
116.43355059237985,75.91755547169714,0.2997919921072594
115.0650083267018,75.30527464254419,0.2997917764794238
113.69801476146318,74.68954401181793,0.299791563635722
112.33258489512376,74.07035337869058,0.2997913524246769
110.9687341278584,73.44769244760653,0.2997911456306497
109.6064777584878,72.82155101298838,0.2997909407029624
108.2458311876419,72.19191887994145,0.299790736275952
106.88681001693108,71.55878604824534,0.2997905333163544
105.52943004626088,70.92214241453166,0.2997903348201021
104.17370697359308,70.2819779801049,0.2997901381019119
102.8196566985602,69.63828264630638,0.2997899428887649
101.46729542539362,68.99104670861925,0.2997897509756058
100.1166390491494,68.34026027495008,0.2997895608119734
98.76770397198852,67.68591353799854,0.2997893741517146
97.42050649423578,67.02799670105082,0.2997891893422775
96.07506311728162,66.36650016466581,0.2997890050971818
94.73139053782938,65.70141422669963,0.299788825487326
93.389505257696,65.0327293888829,0.2997886467418311
92.04942417484313,64.3604360507261,0.2997884705758338
90.71116409265689,63.6845253116785,0.2997882972942989
89.37474131040779,63.00498897177795,0.2997881249049214
88.04017232492384,62.32181923131395,0.2997879561775107
86.70747494019048,61.63500559173008,0.2997877911036539
85.37666825475026,60.94453555063433,0.2997876266925345
84.04777166814057,60.25039630876961,0.2997874630678439
82.72080478006416,59.55257526719152,0.2997873060213578
81.39578728879735,58.85105982476966,0.2997871485832775
80.07273909912601,58.145837281761146,0.2997869945860998
78.75168010777992,57.43689533732129,0.2997868418765392
77.43263071523768,56.72422159410701,0.2997866930751911
76.11561112196188,56.00780364790239,0.2997865467878
74.80064172793811,55.28762940331649,0.2997864018851714
73.48774333256472,54.5636867585082,0.2997862597302969
72.17693663612732,53.835963511425234,0.2997861220746358
70.86824264015928,53.10444776416057,0.2997859847188238
69.56168244094516,52.36912771627556,0.2997858499598465
68.25727724028673,51.62999146865173,0.2997857191836033
66.95504854230182,50.88702741897544,0.2997855907433404
65.65501794084372,50.14022387187447,0.2997854638667263
64.35720713863907,49.38956922097077,0.2997853400839858
63.06163803459458,48.63505226944926,0.2997852192956429
61.76833272865588,47.876661419057314,0.2997851021924589
60.47731352418691,47.1143856679206,0.2997849843478093
59.18860271665636,46.3482136141896,0.2997848719380158
57.90222290776904,45.578134362195215,0.2997847614249735
56.61819680024939,44.804137008692805,0.2997846540839077
55.33654728954315,44.026210454621605,0.299784549626338
54.05729747825154,43.24434409981586,0.299784447977288
52.78047056779758,42.45852724404676,0.2997843484608893
51.50608995537664,41.66874928797711,0.2997842506605366
50.23417923956367,40.87499993050233,0.2997841570506239
48.9647621255113,40.07726857413718,0.2997840662645217
47.697862608266405,39.27554521442789,0.2997839779538367
46.43350479076713,38.469819354516176,0.2997838937320125
45.17171387284401,37.66007949529853,0.2997838114118281
43.912515554277945,36.84631403524452,0.2997837314277376
42.65592933259961,36.028520575211815,0.299783655037686
41.40197031180628,35.20670451221406,0.299783580850999
40.15065198817308,34.38087315071448,0.2997835087847988
38.90198796387034,33.55103398642268,0.2997834426116128
37.65599173900398,32.717194422766966,0.2997833749000165
36.41267691405636,31.87936195987129,0.299783313639125
35.17205698551271,31.03754419454708,0.299783253915109
33.93414565787805,30.19174842689904,0.2997831968621085
32.698956429667135,29.3419823617877,0.2997831430255928
31.466502898653573,28.488253293319417,0.2997830922682283
30.23679866873329,27.630568924149543,0.2997830449922389
29.009857434851085,26.76893665546197,0.2997829991857088
27.78569270170624,25.903364086351985,0.2997829570549015
26.5643183673908,25.03385881524241,0.2997829169995611
25.345747830960875,24.160428243400816,0.2997828800423008
24.129994995886197,23.28308007198416,0.2997828454788305
22.91707335693133,22.401821799796608,0.2997828152255124
21.706996718453297,21.516661025532017,0.2997827873136316
20.49977887774901,20.62760535324708,0.2997827626978164
19.2954335374518,19.73466237655407,0.2997827384624543
18.09397429639364,18.837839800089228,0.299782719394102
16.895415152782903,17.937145124680114,0.2997827030784492
15.69976980914464,17.032586046659958,0.2997826906613454
14.507051964009918,16.12417026800142,0.2997826795402147
13.31727561795418,15.211905389843425,0.2997826707106696
12.130454571320628,14.295799210392715,0.2997826681737479
10.946602621964246,13.3758592279637,0.2997826650696424
9.765733674010503,12.452093347376376,0.2997826657318114
8.587861622147216,11.524509164755273,0.2997826701177928
7.413000272212685,10.593114681181078,0.2997826749628984
6.2411626201187005,9.657918796664717,0.2997826862073225
5.072359465042382,8.718933114527772,0.29978269782805
3.9066008109793984,7.776170226410954,0.2997827139853939
2.7438964575396767,6.829643141706356,0.2997827315619474
1.5842561999585314,5.879364553762116,0.2997827538637807
0.4276897429209612,4.925347266748304,0.2997827764337444
-0.72579311578221,3.967603877276474,0.2997828053163403
