x,y,z,bank_angle
-10.300459,-3.699191,0.055461,-0.018026
-15.206246,-3.675408,0.057520,-0.017327
-18.629021,-3.654288,0.058490,-0.016919
-22.274172,-3.631887,0.060443,-0.015685
-27.972803,-3.610496,0.065876,-0.013974
-34.176144,-3.580707,0.071015,-0.011840
-40.724061,-3.557375,0.077715,-0.008976
-47.939322,-3.519055,0.086660,-0.005066
-57.268267,-3.481160,0.102939,0.001101
-67.581004,-3.429593,0.122779,0.009101
-79.950119,-3.379705,0.154555,0.022059
-92.472399,-3.326947,0.190410,0.036674
-102.273978,-3.275496,0.216993,0.049622
-109.793501,-3.243234,0.235408,0.062134
-116.888536,-3.215740,0.254728,0.074412
-124.049204,-3.184914,0.273677,0.087339
-130.902122,-3.151211,0.294696,0.102272
-138.815260,-3.105595,0.315988,0.110046
-149.482161,-3.049158,0.352549,0.137656
-161.033170,-2.972171,0.391667,0.152239
-171.211029,-2.907822,0.433680,0.196933
-180.192158,-2.864287,0.476109,0.237870
-186.752533,-2.834001,0.501640,0.262468
-193.492259,-2.800671,0.527010,0.282155
-200.688488,-2.755424,0.553847,0.270957
-210.023938,-2.708501,0.598686,0.330992
-220.009462,-2.659169,0.642863,0.383912
-230.113760,-2.608707,0.685917,0.424155
-240.093947,-2.550662,0.731725,0.456771
-249.567973,-2.485625,0.782086,0.465341
-257.006163,-2.420501,0.816090,0.567616
-264.731807,-2.334897,0.852604,0.580068
-272.976382,-2.228837,0.891142,0.449346
-283.397127,-2.095659,0.953902,0.495889
-293.181094,-1.961103,1.019806,0.630768
-302.630971,-1.803183,1.089157,0.837113
-311.576508,-1.630732,1.170509,1.054399
-318.906193,-1.386989,1.228266,1.138759
-326.220118,-1.066701,1.312770,1.159890
-333.871153,-0.591523,1.433621,0.960790
-344.232525,0.256102,1.646109,0.867076
-356.987600,1.516625,2.069990,0.740748
-369.938091,3.060766,2.605278,0.611819
-382.198473,4.783502,3.263025,0.543187
-392.627256,6.924374,3.909507,0.479257
-404.762775,9.539575,4.993169,0.457407
-414.955387,12.189429,5.865294,0.427349
-423.423150,14.199677,6.853728,0.431307
-427.654300,15.792405,7.225896,0.409328
-432.816401,17.296309,8.000725,0.415140
-436.931949,19.090055,8.410665,0.395036
-442.400899,20.974782,9.265784,0.397019
-447.916141,22.931383,10.208590,0.401130
-453.405597,24.962606,11.151223,0.403605
-458.795396,27.090581,12.184378,0.407248
-462.790337,29.353054,12.726865,0.392706
-468.057035,31.739798,13.850006,0.395976
-472.036980,34.259300,14.436826,0.382552
-477.307770,36.859012,15.661824,0.386559
-481.246870,39.560005,16.305573,0.375185
-486.341201,42.335540,17.637499,0.380166
-489.998395,45.176417,18.330657,0.370758
-493.556581,48.052369,19.023627,0.362274
-495.766487,50.952055,19.027955,0.341528
-499.049763,53.893983,19.771036,0.335778
-502.263268,56.927831,20.513948,0.330231
-506.627647,60.106239,22.049363,0.337212
-509.780875,63.429599,22.845742,0.331734
-513.034422,67.221544,23.641983,0.324697
-515.025557,71.122295,23.645384,0.307258
-516.927829,75.119367,23.648536,0.291247
-519.511064,78.603729,24.494562,0.288950
-521.997632,82.175631,25.340232,0.286639
-524.386084,85.836001,26.185486,0.284314
-525.685120,89.699349,26.187107,0.272558
-526.801782,93.444984,26.188223,0.262119
-527.728638,97.050991,26.188781,0.252870
-528.561318,100.965705,26.188667,0.243625
-529.312620,105.233027,26.187753,0.234356
-529.955811,109.618699,26.185927,0.225588
-530.425760,113.794336,26.183111,0.217885
-531.691278,117.717026,27.068381,0.218487
-532.856390,121.910445,27.952521,0.218617
-533.930195,126.360769,28.835506,0.218330
-533.979382,131.074075,28.828210,0.211071
-533.980574,135.727989,28.819828,0.204371
-533.975390,140.036171,28.810427,0.198542
-533.971478,143.991911,28.800070,0.193482
-532.994138,147.643235,27.899712,0.183167
-531.994576,151.565623,26.998567,0.173032
-530.980780,155.765191,26.096687,0.163106
-530.931400,160.206547,26.083237,0.158903
-530.885298,164.335150,26.069115,0.155195
-530.839541,168.245512,26.054404,0.151846
-530.795362,171.949387,26.039179,0.148813
-530.753508,175.984717,26.023505,0.145638
-530.715621,180.188774,26.007456,0.142470
-530.668743,184.646810,25.991159,0.139256
-530.615937,189.128665,25.974783,0.136169
-530.558219,193.670387,25.958497,0.133177
-530.506806,197.888934,25.942479,0.130520
-530.464074,201.748354,25.926896,0.128185
-530.424932,205.312224,25.911922,0.126105
-530.373994,210.134531,25.897758,0.123370
-530.303976,216.303573,25.884672,0.120019
-530.226864,223.471955,25.872954,0.116332
-530.152994,229.409194,25.862827,0.113448
-530.089856,233.661651,25.854396,0.111475
-529.996826,236.880359,25.847709,0.110030
-529.820233,240.183983,25.842829,0.108581
-529.497151,244.217633,25.839866,0.106856
-529.013012,248.596623,25.838928,0.105040
-528.456834,252.789226,25.840023,0.103352
-527.847354,256.516455,25.843071,0.101892
-527.183644,259.835152,25.847924,0.100620
-526.408711,263.154887,25.854441,0.099375
-525.503062,266.512659,25.862472,0.098143
-524.484955,269.887268,25.871864,0.096930
-523.360222,273.263651,25.882446,0.095742
-521.091397,276.584024,25.050869,0.091568
-518.714066,279.881068,24.220091,0.087496
-516.236928,283.137843,23.389927,0.083526
-514.720799,286.370994,23.403364,0.082576
-513.108808,289.580958,23.417098,0.081650
-510.211956,292.786646,22.638335,0.078048
-507.202216,295.996843,21.859636,0.074521
-502.941359,299.160578,20.342017,0.068624
-499.786908,302.262804,19.616995,0.065470
-496.571577,305.285621,18.891865,0.062394
-494.623269,308.025012,18.905465,0.061815
-492.570621,310.727201,18.918843,0.061252
-489.206496,313.338923,18.243462,0.058524
-484.059057,316.320394,16.929338,0.053769
-478.853114,319.213080,15.614953,0.049115
-474.786336,322.075123,14.988786,0.046680
-470.914842,324.633900,14.419918,0.044501
-465.709260,327.116726,13.314747,0.040732
-460.434408,329.537701,12.209315,0.037027
-456.309734,331.934097,11.684543,0.035123
-450.327487,334.464288,10.759807,0.032041
-443.978787,337.092070,9.834874,0.028997
-436.202047,339.652050,8.507104,0.024824
-429.940840,341.941246,7.750019,0.022393
-422.498108,343.919783,6.665586,0.019065
-416.419095,345.742659,5.983430,0.016943
-410.168113,347.424585,5.376351,0.015067
-405.257313,349.030215,5.095903,0.014146
-398.467725,350.667434,4.566379,0.012527
-391.332881,352.318462,4.114054,0.011143
-382.541177,353.862632,3.481602,0.009270
-373.859292,355.167501,2.952301,0.007710
-367.010440,356.248795,2.634107,0.006760
-359.869482,357.267072,2.379111,0.005998
-352.795926,358.165974,2.177950,0.005395
-344.061348,358.925184,1.906503,0.004607
-337.280830,359.470112,1.749938,0.004147
-329.893643,359.931282,1.632218,0.003803
-322.148903,360.315624,1.548635,0.003560
-312.348594,360.625673,1.439009,0.003252
-302.707290,360.797785,1.354257,0.003020
-293.309499,360.867556,1.279366,0.002822
-285.865325,360.869991,1.228437,0.002697
-278.575552,360.854818,1.178574,0.002581
-270.910915,360.840062,1.128691,0.002469
-261.211336,360.837621,1.056680,0.002302
-251.412351,360.838029,0.985847,0.002143
-241.795678,360.830986,0.919841,0.002001
-232.112541,360.811316,0.857198,0.001874
-222.339558,360.777532,0.796296,0.001756
-214.482435,360.735500,0.751504,0.001686
-206.938521,360.686322,0.705035,0.001615
-199.661673,360.636093,0.658323,0.001546
-190.358642,360.587917,0.594603,0.001433
-180.879654,360.540864,0.530809,0.001322
-171.038820,360.495225,0.467732,0.001213
-160.876420,360.441843,0.405213,0.001108
-150.574827,360.388838,0.346006,0.001011
-140.293034,360.340201,0.290101,0.000922
-132.281852,360.300747,0.250265,0.000877
-122.776554,360.285169,0.200353,0.000803
-115.090484,360.259731,0.164318,0.000765
-105.343164,360.226882,0.116230,0.000692
-97.002550,360.172892,0.083373,0.000659
-87.147250,360.118997,0.042176,0.000600
-77.567806,360.075661,0.005148,0.000549
-68.471451,360.036306,-0.029083,0.000503
-61.079343,360.001181,-0.054002,0.000481
-52.097692,359.965624,-0.080762,0.000451
-44.480863,359.922309,-0.099323,0.000441
-35.071886,359.878723,-0.121178,0.000420
-27.340785,359.829747,-0.134311,0.000420
-18.240174,359.779572,-0.148544,0.000414
-8.446927,359.737438,-0.376622,-0.000189
1.177241,359.699123,-0.618929,-0.000834
11.954899,359.683666,-0.894379,-0.001574
20.230376,359.657443,-0.951339,-0.001709
28.630304,359.623190,-1.009137,-0.001848
34.500446,359.563854,-1.031393,-0.001891
42.165359,359.502294,-1.071934,-0.001987
49.984116,359.437356,-1.111892,-0.002083
59.385785,359.374619,-1.170140,-0.002233
68.922515,359.316826,-1.225839,-0.002378
78.629035,359.261278,-1.280421,-0.002523
88.522863,359.211169,-1.333171,-0.002664
98.480505,359.166290,-1.385430,-0.002806
108.539743,359.125212,-1.435369,-0.002944
118.464353,359.088966,-1.483021,-0.003077
128.383226,359.053430,-1.528818,-0.003207
136.440646,359.013262,-1.558493,-0.003293
144.309894,358.965211,-1.586101,-0.003374
150.060615,358.910320,-1.598690,-0.003414
157.264154,358.861204,-1.624507,-0.003492
164.695127,358.814106,-1.648286,-0.003565
174.169958,358.773097,-1.682239,-0.003668
183.941003,358.733357,-1.711243,-0.003758
194.014276,358.688925,-1.736772,-0.003839
204.248333,358.642028,-1.758402,-0.003910
212.700325,358.590662,-1.771272,-0.003958
220.840899,358.550510,-1.780631,-0.003996
228.822572,358.510138,-1.787194,-0.004028
238.573387,358.476601,-1.796750,-0.004070
247.224503,358.442091,-1.802420,-0.004101
255.628197,358.404508,-1.803641,-0.004122
262.034668,358.360540,-1.801540,-0.004133
271.465827,358.314357,-1.794074,-0.004131
279.396116,358.266913,-1.786746,-0.004130
289.358481,358.219725,-1.772529,-0.004110
297.442460,358.178707,-1.753513,-0.004078
307.326577,358.139602,-1.721345,-0.004010
315.043189,358.103561,-1.695789,-0.003961
322.391815,358.067019,-1.664095,-0.003895
329.482072,358.031378,-1.627242,-0.003815
336.878012,357.990808,-1.590221,-0.003736
344.554312,357.941591,-1.546131,-0.003638
352.125160,357.888487,-1.494283,-0.003519
361.177234,357.848492,-1.413199,-0.003320
368.163829,357.811639,-1.353575,-0.003181
375.650077,357.780841,-1.285066,-0.003018
383.365210,357.749280,-1.203960,-0.002820
391.367951,357.709484,-1.122684,-0.002623
399.980484,357.667999,-0.978858,-0.002251
408.676292,357.615454,-0.821919,-0.001843
419.255916,357.563760,-0.605416,-0.001268
427.308960,357.505536,-0.485677,-0.000964
435.379586,357.456185,-0.354343,-0.000627
443.571394,357.413698,-0.207739,-0.000248
453.481392,357.375994,0.021136,0.000363
461.623543,357.326745,0.183822,0.000789
469.594824,357.271624,0.363022,0.001261
477.740429,357.219525,0.560836,0.001786
487.864630,357.175390,0.869911,0.002625
498.167505,357.133206,1.212090,0.003557
506.588876,357.082883,1.453297,0.004205
514.939031,357.024322,1.720770,0.004927
523.136670,356.972431,2.014499,0.005723
533.202765,356.925857,2.473216,0.006982
543.528187,356.877897,2.975627,0.008364
552.095568,356.815922,3.327550,0.009321
560.748229,356.749144,3.714853,0.010378
569.089256,356.696427,4.140616,0.011542
579.223453,356.654203,4.807616,0.013384
587.174413,356.616458,5.274660,0.014664
594.895440,356.579490,5.785861,0.016067
600.492047,356.549545,6.056014,0.016791
608.309089,356.521291,6.614123,0.018326
616.553613,356.494038,7.224596,0.020008
627.166060,356.455948,8.180440,0.022663
635.731502,356.408847,8.848667,0.024508
643.979695,356.346892,9.579640,0.026528
651.587252,356.285803,10.379057,0.028741
658.888048,356.227122,11.178828,0.030953
666.139896,356.163971,12.053536,0.033375
673.670038,356.092505,13.008878,0.036021
681.431716,356.006839,13.964978,0.038667
689.334007,355.926273,15.007737,0.041554
695.129057,355.848089,15.558027,0.043048
702.498603,355.782026,16.695822,0.046193
707.599691,355.704135,17.296075,0.047816
714.742599,355.590334,18.536877,0.051246
720.300459,355.410386,19.192034,0.053027
726.182902,355.141266,19.848281,0.054816
733.645569,354.800034,21.304556,0.058874
740.907073,354.390043,22.761910,0.062948
749.653096,353.914814,25.016410,0.069299
755.053990,353.301141,25.833411,0.071606
760.624844,352.540715,26.651473,0.073945
764.384140,351.696964,26.674428,0.074027
770.494517,350.818896,28.450345,0.079128
776.379518,349.869168,30.226943,0.084267
784.220579,348.695135,32.960325,0.092234
789.640583,347.284744,33.942085,0.095247
796.838935,345.686996,35.926862,0.101240
802.346011,343.945691,36.955652,0.104535
807.602828,342.199914,37.984463,0.107861
812.559480,340.426870,39.061112,0.111357
817.211347,338.681999,40.137440,0.114880
823.620311,336.707534,42.311185,0.121774
828.593218,334.551143,43.433918,0.125660
833.676464,332.181754,44.556262,0.129665
838.483273,329.875407,45.721012,0.133829
843.083159,327.572294,46.885180,0.138048
847.429462,325.334961,48.048705,0.142300
850.277310,322.851033,48.070941,0.143169
854.677490,320.132984,49.274164,0.147821
860.898145,317.091381,51.699919,0.156539
866.909351,314.089102,54.125050,0.165396
871.258411,311.119245,55.367952,0.170616
873.695719,308.243861,55.387089,0.171926
876.194599,305.079335,55.405632,0.173398
880.266233,301.664406,56.678397,0.179160
884.379608,297.969876,57.950615,0.185194
888.388822,294.165997,59.222269,0.191432
890.729618,290.256596,59.238578,0.193593
892.820789,286.514102,59.254291,0.195707
894.646760,282.974939,59.269366,0.197752
897.724352,279.615532,60.569441,0.204283
900.783086,276.013546,61.868882,0.211125
903.798042,272.210520,63.167735,0.218279
905.260667,268.213587,63.180366,0.221050
906.571883,264.152767,63.192434,0.223956
907.764872,259.918675,63.203903,0.227089
908.789746,255.797930,63.214639,0.230237
909.631056,251.803902,63.224514,0.233393
910.267310,248.026018,63.233396,0.236484
910.804295,243.915468,63.241279,0.239974
911.241275,239.536411,63.248158,0.243833
911.587009,234.870125,63.254033,0.248109
911.805707,230.191358,63.258852,0.252575
911.916089,225.495041,63.262586,0.257246
911.955047,220.831416,63.265226,0.262072
911.956292,216.201336,63.266787,0.267050
911.949646,211.559053,63.267281,0.272229
911.945622,206.817947,63.266717,0.277717
911.934230,202.033664,63.265110,0.283474
911.905656,197.070532,63.262482,0.289694
911.857104,192.148199,63.258872,0.296129
911.793869,187.043877,63.254380,0.303094
911.733196,182.472443,63.249124,0.309597
911.678404,178.196238,63.243276,0.315916
911.633673,174.622707,63.236957,0.321385
911.587892,170.919689,63.230349,0.327233
911.538655,167.091966,63.223619,0.333482
911.488862,163.139181,63.216917,0.340159
911.436765,159.326754,63.210344,0.346830
911.382953,155.701577,63.204008,0.353393
911.317908,151.785761,63.198096,0.360730
911.255828,147.888073,63.192757,0.368296
911.197609,144.035062,63.188089,0.376041
911.149797,140.467312,63.184124,0.383458
911.097138,136.614466,63.180965,0.391745
911.041120,132.733406,63.178703,0.400399
910.977148,128.836051,63.177429,0.409417
910.902302,125.240087,63.177169,0.418052
910.788095,121.274314,63.178052,0.427959
910.615776,116.997232,63.180247,0.439137
910.275038,111.870055,63.184020,0.453365
909.799861,106.720828,63.189507,0.468628
909.164028,101.522241,63.196775,0.485169
908.585845,97.613144,63.205657,0.498412
907.987695,94.380481,63.216012,0.510042
907.459119,92.033170,63.227616,0.518945
906.804237,89.452770,63.240357,0.529205
906.042022,86.745762,63.254090,0.540519
904.756874,82.844713,63.268743,0.558078
903.105365,78.315526,63.284176,0.580174
899.597726,73.269032,62.014509,0.592739
896.270568,69.050316,60.745170,0.601755
893.030925,65.362986,59.475949,0.608400
891.370173,62.174929,59.492389,0.628962
889.596784,59.000456,59.508698,0.651123
887.722481,55.846226,59.524783,0.674970
885.756331,52.716021,59.540551,0.700613
882.130592,49.579125,58.301190,0.709491
878.221162,46.247247,57.061503,0.721305
874.002780,42.735327,55.821505,0.736551
871.228771,39.290141,55.835935,0.775151
866.822131,36.104307,54.626820,0.791402
862.494240,33.218386,53.417242,0.805886
856.387429,30.211375,51.025634,0.799824
851.910635,27.342601,49.856695,0.819495
847.364724,24.571006,48.687268,0.840470
842.809132,22.112115,47.558215,0.858065
837.942276,19.575332,46.428607,0.880695
832.784945,16.994631,45.298464,0.908764
827.582646,14.505701,44.210704,0.939876
822.515226,12.275103,43.122432,0.969412
816.069536,10.292558,40.982996,0.958353
810.917547,8.280595,39.940802,0.992398
803.833719,6.234676,37.895418,0.991274
798.197252,4.277941,36.900094,1.035211
791.026665,2.545555,34.947918,1.026565
785.699462,1.082616,33.997682,1.060282
777.440433,-0.338936,31.294590,1.007149
770.594128,-1.682924,29.546868,1.011889
763.684101,-2.907605,27.798224,1.015722
757.924635,-3.908822,27.004528,1.057929
752.490313,-4.672923,26.209726,1.091482
745.048680,-5.324721,24.668548,1.062958
739.151284,-5.845436,23.922207,1.100398
731.106708,-6.286861,22.481159,1.081630
723.256720,-6.597679,21.144395,1.058537
715.605670,-6.805866,19.806470,1.029221
708.107013,-6.917824,18.574233,0.993426
700.050284,-6.977991,17.442222,0.966499
691.819694,-7.005542,16.309269,0.941192
683.432299,-7.035030,15.268727,0.918461
675.479417,-7.051972,14.313111,0.890750
667.272823,-7.053759,13.356544,0.863242
658.905229,-7.036632,12.478988,0.838644
649.878524,-6.989510,11.674847,0.807079
638.962421,-6.940382,10.524561,0.741950
627.991048,-6.887552,9.471002,0.664971
619.381432,-6.844446,8.794745,0.626608
610.589382,-6.794331,8.175002,0.588919
601.742186,-6.742211,7.606794,0.546898
590.849343,-6.687094,6.796888,0.479030
580.061642,-6.634901,6.055049,0.411098
569.456903,-6.576973,5.376301,0.342325
560.891365,-6.517689,4.938519,0.301914
552.370828,-6.453558,4.539039,0.261363
543.669736,-6.392945,4.174779,0.222215
532.983787,-6.344775,3.659884,0.166486
522.315480,-6.302913,3.188547,0.112118
511.940982,-6.266933,2.757684,0.060967
503.635173,-6.215490,2.477680,0.029516
495.616478,-6.164963,2.224158,0.000599
487.410383,-6.105622,1.994382,-0.025473
477.661161,-6.064212,1.673451,-0.065125
469.987689,-6.024917,1.464021,-0.089426
462.711165,-5.999522,1.273498,-0.111305
454.462693,-5.961025,1.099744,-0.130418
443.681318,-5.919288,0.860024,-0.161777
432.372131,-5.865283,0.643209,-0.189253
421.730011,-5.822680,0.446763,-0.213675
412.473566,-5.787096,0.265652,-0.235927
403.626652,-5.757163,0.098280,-0.255783
394.616796,-5.722797,-0.055951,-0.273574
384.714873,-5.685465,-0.193501,-0.292255
376.777821,-5.640839,-0.284985,-0.303624
369.322226,-5.600330,-0.363813,-0.313043
361.825024,-5.547825,-0.433716,-0.319023
352.178389,-5.498680,-0.525028,-0.332990
341.950028,-5.443471,-0.605217,-0.343244
331.520294,-5.402669,-0.674416,-0.351789
321.283112,-5.366961,-0.734970,-0.354967
313.200915,-5.325803,-0.777350,-0.365941
305.416228,-5.284889,-0.813536,-0.371297
297.282432,-5.229468,-0.843335,-0.372017
286.883264,-5.185914,-0.875938,-0.382892
276.301600,-5.125873,-0.901097,-0.386922
266.091623,-5.082648,-0.919872,-0.387398
257.112335,-5.035708,-0.934656,-0.391352
247.721573,-4.994277,-0.945117,-0.392869
235.876683,-4.939133,-0.946475,-0.394788
222.708608,-4.880038,-0.942510,-0.390781
211.968815,-4.824362,-0.941707,-0.392470
203.502012,-4.778499,-0.941466,-0.395868
194.784364,-4.728363,-0.939216,-0.385470
181.716714,-4.681832,-0.915218,-0.393501
168.211559,-4.620613,-0.886260,-0.387218
157.334394,-4.563509,-0.865924,-0.386551
148.977947,-4.503278,-0.853949,-0.385574
140.993803,-4.461741,-0.840409,-0.376494
130.965493,-4.419723,-0.811577,-0.378277
120.606858,-4.372742,-0.780341,-0.373187
110.570159,-4.324411,-0.747487,-0.360422
102.640176,-4.276348,-0.729818,-0.362951
95.158585,-4.239454,-0.710577,-0.359112
87.478028,-4.192637,-0.689786,-0.348698
77.860082,-4.146972,-0.652352,-0.344854
68.088078,-4.090272,-0.613423,-0.334677
58.424208,-4.025251,-0.573683,-0.323430
48.869275,-3.948408,-0.531653,-0.311135
39.398296,-3.874525,-0.489413,-0.297400
30.453464,-3.831190,-0.448058,-0.280891
21.815950,-3.801139,-0.407497,-0.262190
