E,N,U
0.6961971197241015,0.25198268073161467,-14.857450552679339
-5.555013198715843,0.18398063545897525,-14.710138423170251
-11.482004201488332,0.19897278009947872,-14.67503185091929
-15.30601260172175,0.1749648590997781,-14.618507708663794
-18.63814034287092,0.07195597890712868,-14.614231141417314
-22.628699735722893,0.07594335318196244,-14.474623182486424
-28.30364311390299,0.02092060376671334,-14.489194914315393
-34.79024517167037,0.05888886978490504,-14.297342606403017
-41.713209684203974,0.01484729811430796,-14.273372314127924
-49.416742731340605,-0.01920756809675339,-14.134627058035665
-57.58661762108784,-0.07527622745083207,-14.112371924961048
-66.89348024255423,-0.08436692703128301,-13.951359102264059
-75.29763663373531,-0.12146056625210377,-13.822892844872676
-97.5688154746066,-0.275762750614156,-13.63706226617333
-102.31107524272548,-0.1768369326615229,-13.487175339748323
-108.94979097351458,-0.24994716584582477,-13.48975650250628
-116.2902423219421,-0.25107676684442026,-13.326168805216408
-127.4413760159671,-0.2952900934701006,-13.189140266111998
-130.8356824090235,-0.29335879888775196,-13.09406913633929
-136.86371097925513,-0.37348545877517836,-13.010993919974979
-143.42692302546536,-0.4426297694816128,-12.87738300745096
-168.85035249748552,-0.45925317026929235,-12.590480239501883
-172.56998868804698,-0.44035237037832076,-12.276131087638735
-178.6191146536611,-0.4445193120852906,-12.263292443864039
-185.71973113231257,-0.45672268862762166,-12.289856995092329
-194.5880077591093,-0.45698721988847524,-12.00463792713283
-203.16648436276674,-0.48525554770222357,-12.086024251784915
-211.91928744748813,-0.4155409820735514,-12.026935653576015
-220.57882054532945,-0.400834861296417,-11.770838030415916
-229.38603153008182,-0.2941463408103573,-11.77941734939203
-238.42307875324707,-0.3044782391390868,-11.578139303410026
-248.4838666828145,-0.09586289942230053,-11.384571754957935
-256.7969693283543,-0.188193111780933,-11.429981790703387
-264.612645797545,-0.15051286138967157,-11.125913196205328
-272.7481050581164,0.016143731281658802,-11.021424336759951
-288.45497229505725,0.3354518899836023,-10.45782638395399
-295.56558563346636,0.40512611889118944,-10.076663526601449
-303.3523939227612,0.44676005571997734,-9.771735379052153
-312.1940293287074,0.5943328663032048,-9.401708770610329
-320.17070552147044,0.6299370567913058,-8.960584758809034
-328.25397855218216,0.7465259202703578,-8.366133752466009
-336.04524488204675,1.0921200786610825,-7.612358986545114
-344.3783424474469,1.1606755090211607,-6.660714352482386
-352.70590539935836,1.5352203839658785,-5.487215145913575
-380.53323128729716,1.7236190038213408,1.0690086722329895
-385.33988582810525,1.6903291638493556,2.7735995459569587
-388.47547898565114,1.6361378900026011,3.874303820402762
-412.51873013649515,1.4206100288623702,14.037649334052535
-426.93868419910814,1.4416384751595501,21.324624021558645
-429.01501306110606,1.422494826491004,22.481873144485697
-434.00153503176125,1.4141461110629905,25.286341763540555
-439.6120593212851,1.3367465324523948,28.68357213877871
-445.91099740113145,1.378288572098171,32.75322988520964
-451.56259992221595,1.32486870276,36.65928291254755
-457.0354455143107,1.407454221288674,40.57305082631817
-462.4660853952062,1.35803408513965,44.71810163440695
-467.62802775831415,1.3836279363221422,48.65928937077402
-473.45283485763287,1.4081594523480874,53.3739857661553
-479.2620841307472,1.3526783428428075,58.634335350813004
-484.7004821408354,1.3442182833974812,63.65227549426152
-489.80355413451,1.324775980579119,68.62139401271983
-495.7626801888231,1.2892441035686488,74.8779823289665
-500.98898604410465,1.3077633573716696,80.73283211928062
-505.7922471564384,1.2933082356888406,86.4669053133213
-510.7165389485024,1.4238304001046629,92.49308707128915
-515.1544921450635,1.4563851364091818,98.346237379579
-519.2115871794132,1.3729647815603698,104.0597628106019
-523.6572950893867,1.4204903296000566,110.60933712031598
-528.0208222471068,1.4030071805050284,117.46900366386429
-532.2688665431322,1.4355165571190582,124.67645439290143
-536.2037908770203,1.4670441879329132,131.74685260370694
-539.7067882684103,1.467602887718101,138.60224425317782
-544.6542504284339,1.3449459501019874,149.05108590988118
-547.5809656690262,1.35152937907759,155.9750090054825
-550.4687961179003,1.2810952853309914,163.37006262403492
-553.1878521925557,1.2456674870761617,170.70944004294708
-555.8902249684525,1.13021454210525,178.6578604153918
-558.2395227021617,1.1787894036942248,186.33731076874517
-560.0569487591683,1.092401009816399,194.01674839020507
-561.5345992893967,0.9490338361330259,201.6653411949565
-562.7923890150665,0.83666599477516,209.6377255521527
-563.8180815163546,0.6812792859177534,218.4667019909182
-564.5828315613687,0.5209006270229111,227.37276625936312
-565.0555514774308,0.3795324542635399,236.35848716713798
-565.4205296273906,0.2231286825331722,246.18881030773764
-565.5112752826557,0.08277287034786696,255.05116975527847
-565.4154816708259,-0.008574518965133393,263.8133026793274
-565.3818613376523,-0.13493050143830487,272.36556937401235
-565.3915434883424,-0.24029342346875637,280.7276734441821
-565.4900449563479,-0.4016675510414984,288.9210282993083
-565.5608028665802,-0.4100376571611264,296.8548398480794
-565.5504700517447,-0.48843634698914684,305.3317279861232
-565.481322831466,-0.5217943721360712,312.8569355200154
-565.47653344441,-0.6052029472787126,321.09825878883646
-565.3196132023581,-0.7516087236048179,329.341285249047
-565.1893527878104,-0.7760158312037788,337.36331639517226
-564.9536078433362,-0.8594101757057047,345.13606933260013
-564.8388922905555,-0.8868182027320017,352.7906197712554
-564.9872664733158,-0.9653166624963205,361.46967026103925
-564.7503400858011,-0.9618055639173235,370.3705658289776
-564.6988040164396,-0.9453557059781588,379.81626692402176
-564.5673704586475,-0.9688382412373358,388.03788339147496
-564.4825612418246,-0.8923474054731741,396.4513860065476
-564.4088728101309,-0.8258355945322933,404.3432206166102
-564.3118687209562,-0.7563203022313587,412.06202145397907
-564.2481302844416,-0.6918608438542151,420.44297374931654
-564.0844773684036,-0.5563809296704676,428.48728237680535
-563.8521948475735,-0.3009871253865981,452.0865524702096
-563.736156696292,-0.05767872313583666,461.8963196526272
-563.7435612632559,0.13185881816377787,468.2385833348573
-563.444471957411,0.20838690557127393,474.9885605480484
-563.321915533045,0.41487244140648727,482.0006771877532
-562.9938553737029,0.5452748277796786,490.23428344138983
-561.7662274617932,0.8685037354330802,501.56358963203536
-561.0096504722997,0.9940330563348425,508.3615080264293
-560.0765182314336,1.1545604412346506,515.2853361363331
-558.7514172287999,1.2451064303165253,522.3093523836102
-557.2364462970465,1.312668791300439,529.2399823033385
-555.5027506707585,1.392263079687325,535.9238954221651
-553.3492992547335,1.490834077025113,543.2236706583292
-551.0670711519346,1.5324486326114197,550.042020636631
-548.8170630698232,1.5870825533593802,556.5134486395261
-546.0451428973684,1.5697043850545924,563.5467552326583
-542.8490731671341,1.6073553104628786,570.5594717648029
-539.7463099472782,1.606046459560389,576.9365923724688
-536.6690956028174,1.6007476756066126,583.0935645089154
-532.9633738914213,1.59943279665805,589.9152010873846
-528.8256798119543,1.6010905948036793,597.312428917953
-525.2021705106608,1.6058206731586893,603.3776865336094
-521.0379043735618,1.5945682793027345,609.641623536084
-516.9602550916487,1.6183152588513394,615.7470943980788
-513.0081078869879,1.6160926858250946,621.3488902147309
-508.2386951096345,1.6258642437763058,627.6007677341976
-503.15838266383105,1.6036541081046494,633.8183449811262
-498.40122377325514,1.6274643218604012,639.479161620425
-493.9094907056856,1.6003211077279786,644.3896155134762
-488.27069680757177,1.6141618452569162,650.2559245351981
-482.5775108309946,1.6380183203655179,655.908074114051
-476.9332108969376,1.6759022772187961,661.1619074825179
-471.42438771308036,1.66979376349164,666.157907489574
-465.1060915706584,1.6866944851338133,671.547005276077
-458.33588779131463,1.6956225926105617,676.8829451309423
-452.03652072051307,1.7075736361438203,681.5816182069901
-444.7244761620997,1.6545366094958638,686.7384587500094
-437.2414844203041,1.7045483984305179,691.437012772477
-429.9006357070298,1.6965703388929398,695.8417563167912
-423.0539401438632,1.7006129787553448,699.6529263762574
-416.4304633200271,1.6896837104437168,702.9887057394533
-409.3150842915309,1.625756823399513,706.5111627475309
-401.4935291170882,1.6438595071359714,710.0798121880434
-392.9402604010495,1.5930028136206147,713.5858483099441
-385.7205831913572,1.5911398161340173,716.3090944346501
-377.66370685162633,1.4943208921523592,718.9996963068241
-369.4691722163373,1.4075273730807965,721.4358774871878
-361.82319415780785,1.3657479571461124,723.3710137032986
-354.3015910174957,1.2619769327845347,725.0851545389387
-345.7485135501287,1.1372909087249354,726.4634149932994
-340.29890564126606,1.085510244309745,727.1181710950187
-331.55600724793135,0.9568715958413634,727.9987399224129
-323.2039755968601,0.8152345816501736,728.5846819648098
-314.72316382264637,0.7276124790235201,728.9993026258093
-305.3229970021795,0.6200308731631026,729.3470202480174
-295.9728059807445,0.4974463383920238,729.5782468157569
-287.10230843255556,0.40185724369285936,729.5397029846125
-278.7381282301459,0.3382351770670198,729.4875060053615
-270.5116239887418,0.27458892157105197,729.4995646074575
-260.447493690694,0.14999208630052863,729.6467784866145
-251.55034020742443,0.0703437474623172,729.7024559450931
-243.25832278223132,-0.009338584126936667,729.7444858676691
-235.54590488122867,-0.11004915293425199,729.7514494517293
-226.83863515989046,-0.16672147214845268,729.6529664853584
-217.6583604572493,-0.23138999412873318,729.5587206219126
-208.3726069748356,-0.31806341555898143,729.4216345386982
-199.8618661495099,-0.33878194148499574,729.3480152481886
-191.81413696355557,-0.37052492164355044,729.2667298905682
-182.61610166675933,-0.44523751648809196,729.120232223667
-173.15602318007745,-0.4379629201029047,729.0319650297965
-164.01904906730448,-0.46571453152837705,728.9771303346831
-154.4657098881266,-0.4224567251739444,728.8134821973877
-144.4615768178615,-0.41519724530465396,728.5992510212452
-135.09587141847535,-0.4089874554438637,728.5640998293051
-125.48702052379221,-0.41876359549024045,728.3267783028751
-116.6209656774616,-0.40259313338908953,728.3113767156088
-107.50064839571574,-0.40642388519607664,728.2359904631294
-98.20157683513476,-0.39925264822272766,728.0526639140504
-89.0501753520836,-0.36110341837749615,727.9250307573178
-80.38620473581531,-0.36198218952456784,727.8736721043464
-71.4857447109294,-0.32685506548297383,727.6903876484284
-62.46979769603662,-0.34575243595917726,727.6227196292384
-52.912010165738245,-0.33665229069650593,727.5044676512122
-44.634444928347094,-0.3245736202414946,727.3709200317468
-35.57186752206847,-0.341503811623749,727.259564949341
-26.587006509076964,-0.34745601588313235,727.2253071386685
-18.178427493100305,-0.3214033293466496,727.0223699667163
-10.201762977937271,-0.30937111953673035,726.8957042696464
-1.3312743091323287,-0.34534982416975923,726.7792270727977
7.739085441134154,-0.29635302776684513,726.7672379986572
17.291323789364498,-0.293359923414787,726.6626925058029
26.029682757593783,-0.24737652561062973,726.5470943654258
34.99343519850877,-0.268400032628783,726.3757930090354
44.44684513384486,-0.25443665014446637,726.178753764324
52.95204180863345,-0.24049893981604242,726.1539670620156
61.63266317771839,-0.2245633883620286,726.0332329105884
70.57531715660657,-0.2096334347892892,725.8319605882893
79.93325079054037,-0.17473604786408004,725.7608436214024
89.67203085643177,-0.20085855947414188,725.6965360456564
98.77790585601026,-0.1659709505882958,725.4986777609602
107.6928137607944,-0.18210744647253563,725.4267410496469
115.81604945906645,-0.18324130020228324,725.3488854435768
124.36565330854856,-0.16039053870547093,725.2418706874962
133.27723592766048,-0.16856914240013054,725.2256095145146
142.67956787747994,-0.154745644010589,724.9840400216301
152.82583920974594,-0.15396834963853223,724.8700204523201
157.32382059731117,-0.15807347387254822,724.8301949805153
165.47925224795787,-0.11626474281455046,724.6923861931825
173.9344745037008,-0.10947426705325825,724.5511193329661
182.52071552465847,-0.11869762258974959,724.3995604168939
191.87642813894297,-0.11296262039130056,724.3087432983293
200.61145321011378,-0.10321216699804836,724.1331907593709
209.30429152010555,-0.07847892709244775,724.01588707096
218.44460493648123,-0.04278213321651947,723.9799111248321
227.8425065748889,-0.04909652521365615,723.8454076121177
236.96505546745374,-0.03042706518456839,723.821422814183
245.7877991600775,-0.02674337784560521,723.6587104941606
254.34740302139767,0.0059273382745743675,723.5953813910843
263.18680413615886,0.011583896277045369,723.4532244741451
271.6342543352864,0.03024695052877746,723.2931197382078
279.68532236784245,0.044905257344936444,723.2298371778872
288.25047423840897,0.033533019551640564,723.1408082396507
296.4003536514048,0.05717713799850799,722.9764504762545
305.54844037544325,0.09374967619768881,722.929341010416
313.51067311468364,0.05637680531447131,722.800967609037
320.63016893300005,0.11502912264623433,722.73777868898
327.7940688669858,0.11567922563489219,722.6034897896488
335.74298656380677,0.15127320227330188,722.5282294360358
343.42096858245793,0.1758866965693926,722.3219495721622
350.8957736705137,0.17748246185831817,722.289555250679
359.8517667547968,0.21299476333871326,722.1782278027565
367.5863814923554,0.20956803585949046,722.0413164185104
374.99123339553796,0.22614311260861086,721.9772405134036
383.36985372408054,0.25765184775534067,721.9053663067942
391.2754583653637,0.25618949199522945,721.7376060601159
399.02784819974454,0.2727138532518154,721.6854887851324
407.566354084878,0.2671825267909753,721.5973225887221
417.00645157122915,0.27658738981742204,721.4499757484834
425.99575326313374,0.281005536711632,721.3283657284903
434.8984457976104,0.28842047855366104,721.1750744874183
443.82779109050756,0.30881684344996074,721.0594679090106
452.9714340163986,0.3161821359836381,720.9729604363571
461.8052913702461,0.30755638636352955,720.8899064230749
470.7390649369469,0.3119295369245094,720.6424000920813
479.14766984693006,0.34330564507095573,720.6082105569398
487.8915780888224,0.3396652245865539,720.3941247727369
498.0123320443082,0.375880336595003,720.4000297911667
506.6807388113764,0.3832194133165103,720.1910919655522
515.5279169309212,0.393524756662913,720.0480869013736
523.9809360240668,0.41183713517079923,720.0216008483302
533.0157561363962,0.438111288783432,719.8023541831774
541.8207541887464,0.49737374779539323,719.7467199043793
551.0243515356726,0.50960041463685,719.5942615588299
560.3101107281465,0.5048089424271893,719.4203821438488
568.3534070850633,0.4871042155824057,719.3425430325731
576.7431404188808,0.5293515593221514,719.3212053824556
585.5892134990098,0.5585568501954299,719.2021859844828
594.9993374465311,0.6367053089919068,719.0103196595089
603.5733782448891,0.6369069715594264,718.9272947680856
611.2913470336474,0.6321784195813507,718.8529144329749
619.2991180705651,0.6384096042924625,718.80248935133
628.6403957201323,0.683518557740797,718.5789378881232
637.292168103964,0.7646681474346337,718.4864945598283
644.9812707073438,0.7959034423953995,718.3958489438293
652.8113906841709,0.8391116966375876,718.3343113502982
660.6781554069511,0.9713136357365215,718.2094023367428
668.9124440736871,1.1284694319052164,718.0647633731243
675.916477397389,1.2377373915221028,717.9913206533487
682.9837728221877,1.3450237655471824,717.6249630669919
690.2620527592954,1.4712585074518074,717.4444398838584
698.9027100833764,1.6163511781811053,717.1233327713468
706.537420059669,1.7885224508964939,716.9933131544493
713.1839199024382,1.9348006935402964,716.8162782324825
720.0835741411172,2.0830480501919624,716.5972538921047
727.5350534292618,2.1902369389430305,716.2702605965408
735.2840832041916,2.287406797824815,715.7282693345247
743.1363707568403,2.4865745774612265,715.0124211700908
750.6555640223432,2.6987649003819456,714.359127856678
758.7198860039609,2.81692711310518,713.2955348028127
766.5410472078831,2.9921124285535257,712.1942891136375
774.2644559656965,2.9873252899610634,710.8643628475064
782.0922494342819,3.2775443959903896,709.2758151334111
788.7663649846023,3.3659079929763607,707.584580987056
795.7924198748553,3.41426147977387,705.5190458774296
803.6445221692919,3.4855624082147756,702.9070290695992
811.3278186062879,3.5039081850790694,699.9841377811056
818.1039769295016,3.501345472130822,697.1949377612443
825.8915927538981,3.5377265816716204,693.6374259639629
833.5737352306878,3.5711008327320997,690.1647182899316
840.9715996853738,3.59853942932574,686.3391885520867
847.3635153545326,3.6010751008518582,682.7578386130664
854.0540615808998,3.568620250200297,678.630912303413
861.3175243926862,3.595113875513107,674.1656556540836
868.318917503778,3.617669474640593,669.3415822878179
873.7448176483006,3.627334165697448,665.4408926676052
881.0403889143331,3.643909415988901,659.8365951321027
887.5531964192376,3.6745557098616928,654.4756043178041
893.2688192352946,3.701258232401244,649.5531846037036
898.7579206802615,3.7009972281968544,644.4980411125874
904.8176779060424,3.6947210749153214,638.6960460742035
910.5465452287062,3.7275030492111227,632.6739879897267
916.4696604672104,3.7233198559148377,625.9008277188229
922.2029375382278,3.769131142124536,619.33752399719
927.8695477910001,3.7829971520517347,612.180725163778
933.2063757007443,3.764914049521906,604.8595251272476
937.9003657345856,3.7598637406715056,598.0633785262065
942.441124239551,3.7498370901259364,591.1413564101928
947.1750236624969,3.7738547764548684,583.3020949872387
951.4681309392543,3.78991738253103,575.5502313088201
955.2682706951197,3.7050040224276586,568.2223359260115
958.9662395464486,3.709143194301305,560.349775021621
962.4277004966547,3.700319850628091,552.3205113521474
965.5960586809662,3.6615007671293824,544.6227105987255
968.2514942438016,3.691704541858371,537.4525171033894
970.8280357038199,3.643976848214379,529.4909891524753
973.1080889921652,3.609328206782095,520.982231367492
975.130543735257,3.4927022936540766,512.5308699372549
976.9220286624807,3.402138466965539,503.59222409182144
978.0795715945799,3.2365821016371115,495.6470718295301
978.9228437157516,3.170145140470879,486.6382690884563
979.7227768427997,3.10775828428649,476.87667332351066
980.1684976956651,2.9784295235089076,466.8615944847957
980.4154990069458,2.824088814755669,457.2216416812511
980.400496026561,2.7097523137545636,447.89002127566437
980.4066204249632,2.5783723338393543,438.9455031461617
980.4149480426902,2.484019818931017,429.4014898895531
980.5132792213817,2.4315820858229245,420.7250338258479
980.7070566887367,2.2911650480887715,411.31632352980716
980.8508487972047,2.234795253240293,401.05804797742326
980.8902951101317,2.134401843469675,391.17917209069907
980.7132640352747,2.0619999794241153,381.74479386804956
980.6350908897502,1.9985394615500809,372.81570216684946
980.551337671043,1.9091090458619533,363.15350906103384
980.4720566870906,2.023678629140477,353.2147016727379
980.3751364423078,1.9650674359612594,346.3881354002452
980.2438174621279,1.9634458647360589,339.719155924395
980.1613437469409,2.000835684187848,332.55344934384175
980.086637009813,2.070236719046136,324.9860802573061
980.0119313204302,2.1046300193351044,317.3938727775754
979.9194442336783,2.112040195012696,309.3237790255204
979.8014491555801,2.2214373146926505,301.39757036971935
979.6324292635123,2.35578582238071,294.48451580138004
979.4422749556733,2.4241709032659173,286.6636472783739
979.403128152901,2.4985325389216655,278.6278101297289
979.3484408432569,2.4928766537096863,270.82320480093614
979.1472324817811,2.6082128521545656,263.5264698260522
979.0503988166663,2.8495531250462136,255.51890240552297
978.8680576794113,2.8858820972334343,247.8830177776761
978.6457582813346,2.980211078321929,240.16748853465566
978.4601078931694,3.1385369311661293,232.12651801390987
977.9179608038255,3.532053467916171,219.88479603691604
977.6013470579499,3.680329180760566,213.1875587722811
975.8399490810077,3.9051165143894195,197.0936532881331
974.950422301587,4.0774563834224296,190.38529375184646
973.9754263713103,4.148757997636039,185.20650913804963
972.6973014608968,4.237115767677778,179.5250082544021
971.8089595573024,4.34735402604565,175.84068426504732
970.3032139374409,4.363733618548906,170.3141963167291
968.4521448712246,4.43718446921082,163.86191732638179
966.2746351973035,4.544690708769338,156.8872219022038
958.3652974271988,4.411311560294337,138.53412280669463
955.765893182205,4.493830755075976,132.49463733303958
952.6346039218072,4.3894325045486084,125.96613177828934
949.2812768011889,4.457060235424365,119.38110344879246
945.4926872924369,4.441746183965904,112.67874328714746
941.4709381581242,4.462456285824601,106.04061261829217
937.3525762095749,4.34716974056272,99.49496858443104
932.796765707557,4.417946390407792,92.36952189691263
928.1210410987169,4.438725085076783,85.56094695760497
922.498205374643,4.527637263032432,78.2016882807935
917.2551033411571,4.491471740155703,71.69456440854492
911.6167252327118,4.460352898782105,65.09151457244442
905.8850880681889,4.429230900807397,58.99032619811019
899.9025336814232,4.503133224781038,52.911398666996185
893.6212965564916,4.539066405268784,46.79049771499204
887.3456033702984,4.469984346954618,41.04470502298134
880.9699935904149,4.455902335393148,35.73568663814693
873.4185352778418,4.452973641178744,29.8811133165036
866.7642425207213,4.4629045097286735,25.050826153296413
859.7690808728495,4.493870814423474,20.229095946507364
852.1332428427895,4.431911546839615,15.44418488458281
844.9260084107938,4.429881899067311,11.082345710218718
837.9574977671894,4.407809137210052,7.207813443376665
830.820214237642,4.361748356632063,3.478869444571206
823.2476819776869,4.339733733343564,-0.1533033580923444
814.0840250204691,4.258911591932645,-4.181161356234199
805.8275197543703,4.185959695105794,-7.538431272923212
797.763104154598,4.108972011398862,-10.428944905167619
789.6886941649486,4.014974753348326,-12.972603474516653
781.0280257756814,3.9290386886974034,-15.327849970790027
772.3606899123802,3.797091875998035,-17.2805706028199
763.7499827019284,3.674126824690461,-18.91041384218302
755.2014554165874,3.5601435763276186,-20.146293153211584
745.9178783888848,3.416236055096931,-21.013046375064725
737.6447156839668,3.3071987156037608,-21.608303365047103
729.4703732206553,3.199140027956105,-21.973175299978152
721.5192115165119,3.107045507790531,-22.33804740629497
713.783457220659,3.0279175258652913,-22.516212389229498
706.0266101497747,2.9827829068774463,-22.57276112312777
697.5102827578075,2.870722107951792,-22.638733003566497
687.2163006357182,2.7608416772726514,-22.846882382517123
677.8783242200207,2.669843184565252,-22.945402708930857
668.8134885005663,2.5438021245668665,-23.085032422132272
659.8807846874188,2.428734775295311,-23.132164274021903
650.3973544734009,2.339711804191552,-23.015713679602687
640.3876160245865,2.1787275574035334,-22.936948507008626
630.0525490085768,2.025760040994385,-22.78795403186975
619.9362279884499,1.9557542545198885,-22.6852079605623
609.2269875644723,1.907789196976978,-22.57989404307762
599.9756239205954,1.85066867991776,-22.504551906951782
590.8708242911084,1.7805211365772493,-22.418075018901394
581.4506941296997,1.7773897212805423,-22.236530907908215
571.4631857500312,1.8342950462125032,-22.141491775850913
561.2291671783449,1.7262064588539943,-22.040457227757507
551.176144742367,1.7360858488247004,-21.905163364842497
541.6782891403063,1.7059022511793955,-21.726187237438797
531.7651658983893,1.6687391537774943,-21.559202469415915
522.8091594578099,1.6634814734432553,-21.554945250612775
513.4112351049919,1.6292471397144936,-21.46932379665124
504.0821488919804,1.555993604267485,-21.34259083600732
494.53766735080626,1.614743033719435,-21.245835394127152
484.9709716513578,1.5834803841630958,-20.98292220465347
475.76846657685655,1.529175545269652,-20.893873104004154
466.92127233290375,1.4958312032418917,-20.842508138819095
462.6486809696005,1.4711434603157727,-20.809973309126406
453.3473539604081,1.3858135158458822,-20.676386729756654
444.26477641771925,1.4704544772854717,-20.611318614718307
430.4421447559796,1.3914054128282771,-20.402372730651038
421.19744964977826,1.3620248365637053,-20.20112258975869
412.3347092797917,1.286605511303776,-20.17973347990889
403.032279365916,1.2922020836029162,-20.03929364099533
392.8948714528643,1.2628368859544992,-19.8303362379054
383.4614196430017,1.2314127327285576,-19.751563269231667
374.50874450700303,1.1889465080943467,-19.606838874252
370.0185275727125,1.1622093433005602,-19.57858598805003
360.9847995539441,1.1437285571971927,-19.512658917981074
352.07987204453207,1.1462281500803329,-19.337099999273853
343.38479737476416,1.1157036665305782,-19.25489816980567
333.2751516357779,1.1262418780563053,-19.067350604940682
323.5097050974195,1.004746057642933,-19.036540571484764
314.01740545712437,0.9432220231457222,-18.920936487060473
304.8404474525324,0.9846689136965381,-18.739381084346185
295.8156039957772,0.9800953681486533,-18.599793332130282
286.4243470432614,0.9435255611085438,-18.447358498600366
276.89540841025484,0.9109478360010996,-18.31119720784241
267.88833006480576,0.8813336503176572,-18.25554581228757
258.02406792556894,0.8147417254505882,-18.133088748580718
248.47070375820599,0.8111223571032582,-18.014913353808225
239.29041470387222,0.8254744853249179,-17.94470129884649
221.16078441016487,0.7721313007947401,-17.684364501447973
212.07265151513565,0.7184411370822659,-17.543917487153855
203.42088338210726,0.6957240681611552,-17.39661713984442
194.99784443760637,0.6309878372427988,-17.39064048262418
185.04475885819332,0.6162855446538629,-17.23734698698707
165.90139079214367,0.5508142613668667,-16.97700890044403
156.7222134161382,0.5630471954354874,-16.908507872345986
147.93165389386627,0.5322579748585099,-16.795466764736712
139.4764162215196,0.45944924358322226,-16.690133231779583
130.44935509830714,0.4436411087698602,-16.552253085498307
121.48780411423492,0.4208188315587904,-16.445207219389097
111.9710843127286,0.44499383174066764,-16.296192816933114
103.38149643217761,0.37313967064917364,-16.116341011041452
94.79079903526392,0.3192736341254232,-16.052119618202585
86.6231426417693,0.36639019659305205,-16.010167104901402
77.73043332677071,0.33350549994136713,-15.83545426871966
68.8899100052115,0.27660770584953553,-15.701854162889575
60.32253130996361,0.290694817534181,-15.658188812512703
50.463827579975025,0.2807810425312063,-15.500607561103411
41.65439450853795,0.25584533868546444,-15.286492782963139
33.26689066160938,0.23289514779406062,-15.110064056180027
24.40749291736752,0.21293557438125532,-14.996162707036975
15.734632333690985,0.16196313326202993,-14.912239316048117
7.394874007561192,0.15397828309076855,-14.91653818584624
