x,y,height, bank_angle
-9.785506,-7.335858,0.113554,0.000000
-19.919786,-7.223075,0.099388,0.000000
-30.054837,-7.098572,0.083810,0.000000
-40.189824,-6.968321,0.067600,0.000000
-50.324918,-6.846354,0.051292,0.000000
-60.460026,-6.724732,0.034768,0.000000
-70.595128,-6.602713,0.017467,0.000000
-80.730183,-6.477200,-0.000875,0.000000
-90.865223,-6.350701,-0.020933,0.000000
-101.000237,-6.222646,-0.042623,0.000000
-111.135176,-6.089463,-0.067291,0.000000
-121.269963,-5.946073,-0.094836,0.000000
-131.404737,-5.802186,-0.123099,0.000000
-141.539301,-5.645402,-0.151159,0.000000
-151.673870,-5.488330,-0.178489,0.000000
-161.808396,-5.328187,-0.206281,0.000000
-171.943064,-5.175977,-0.234053,0.000000
-182.077889,-5.037567,-0.262122,0.000000
-192.212822,-4.906971,-0.289527,0.000000
-202.348002,-4.795365,-0.314320,0.000000
-212.483184,-4.681894,-0.334998,0.000000
-222.618257,-4.559669,-0.351551,0.000000
-232.753150,-4.422629,-0.364523,0.000000
-244.556593,-4.233555,-0.378089,0.000000
-256.359576,-4.019603,-0.388236,0.000000
-268.161931,-3.774724,-0.394127,0.000000
-278.294581,-3.528692,-0.390979,0.000000
-288.426161,-3.245196,-0.382509,0.000000
-298.554624,-2.875982,-0.368642,0.000000
-308.676393,-2.368978,-0.348858,-0.010036
-318.785104,-1.663998,-0.323608,-0.020071
-328.869587,-0.699933,-0.292459,-0.030107
-337.269187,0.319792,-0.258269,-0.040142
-345.622047,1.672636,-0.223928,-0.050178
-353.921834,3.337360,-0.189755,-0.060214
-363.791026,5.619083,-0.158122,-0.070249
-373.557337,8.303388,-0.130677,-0.080285
-383.200192,11.409760,-0.109556,-0.090321
-392.699892,14.928215,-0.089455,-0.100356
-402.056183,18.810853,-0.067919,-0.110392
-411.273703,23.018934,-0.047208,-0.120427
-420.342186,27.535550,-0.028163,-0.130463
-429.214886,32.417178,-0.007911,-0.140499
-437.859653,37.694815,0.013260,-0.150534
-446.280606,43.327517,0.033016,-0.160570
-454.485567,49.269862,0.048523,-0.153880
-462.464760,55.512258,0.061701,-0.147189
-470.198463,62.055984,0.072234,-0.140499
-477.672729,68.894127,0.079879,-0.133808
-484.876560,76.016814,0.085167,-0.127118
-491.801396,83.411766,0.089336,-0.120427
-498.441218,91.063062,0.093720,-0.113737
-504.779927,98.965617,0.098968,-0.107047
-510.802497,107.111175,0.104925,-0.100356
-516.495610,115.490173,0.110925,-0.093666
-521.855038,124.086668,0.116608,-0.086975
-526.878049,132.884326,0.121282,-0.080285
-531.582964,141.857003,0.124835,-0.073595
-535.957117,150.995435,0.126373,-0.066904
-539.409496,158.723080,0.126236,-0.060214
-542.552033,166.581360,0.122957,-0.053523
-545.366644,174.562164,0.116350,-0.046833
-548.412795,184.221843,0.105101,-0.040142
-551.023433,194.007055,0.089613,-0.033452
-553.189641,203.898767,0.069009,-0.026762
-554.921797,213.875223,0.043123,-0.020071
-556.250216,223.914409,0.012061,-0.013381
-557.207304,233.997342,-0.023620,-0.006690
-557.836103,244.108088,-0.063317,0.000000
-558.191520,254.234604,-0.106702,0.000000
-558.356382,264.367779,-0.153572,0.000000
-558.403878,274.502987,-0.203360,0.000000
-558.388285,284.638355,-0.255366,0.000000
-558.342391,294.773589,-0.308412,0.000000
-558.271898,304.908685,-0.362026,0.000000
-558.177532,315.043678,-0.415998,0.000000
-558.058286,325.178524,-0.470278,0.000000
-557.936188,335.313362,-0.524719,0.000000
-557.822454,345.448298,-0.578024,0.000000
-557.717583,355.583376,-0.628661,0.000000
-557.615062,365.718516,-0.675166,0.000000
-557.505165,375.853620,-0.716785,0.000000
-557.391944,385.988718,-0.753233,0.000000
-557.272378,396.123782,-0.783944,0.000000
-557.157451,406.258933,-0.807064,0.000000
-557.029455,418.063208,-0.821117,0.000000
-556.904347,429.867530,-0.826075,0.000000
-556.775894,441.671821,-0.823146,0.000000
-556.631576,451.806504,-0.813557,0.000000
-556.420021,461.939349,-0.796244,0.000000
-556.070077,472.067029,-0.768749,0.000000
-555.500575,482.182415,-0.730665,0.000000
-554.889905,490.624438,-0.684654,0.000000
-554.004790,499.040989,-0.631779,-0.008028
-552.810404,507.417127,-0.571060,-0.016057
-551.009766,517.383783,-0.502252,-0.024085
-548.763271,527.259340,-0.429765,-0.032114
-546.078324,537.025738,-0.358168,-0.040142
-542.968769,546.665537,-0.290067,-0.048171
-539.456687,556.166299,-0.226519,-0.056199
-535.550827,565.512411,-0.168824,-0.064228
-531.275690,574.695794,-0.117031,-0.072256
-526.651410,583.709428,-0.071097,-0.080285
-521.703273,592.550162,-0.029764,-0.088313
-516.437796,601.205400,0.008189,-0.096342
-510.849051,609.654699,0.043160,-0.104370
-504.942676,617.885666,0.075779,-0.112399
-498.722845,625.882324,0.105708,-0.120427
-492.199869,633.633041,0.133281,-0.128456
-485.380022,641.124448,0.158936,-0.136484
-478.282679,648.354197,0.183267,-0.144513
-470.922439,655.315730,0.206794,-0.152541
-463.307118,661.997031,0.229435,-0.160570
-455.444140,668.384855,0.251008,-0.152541
-447.338125,674.460434,0.271235,-0.144513
-439.001911,680.216291,0.290024,-0.136485
-430.443654,685.636708,0.307472,-0.128456
-421.683830,690.724923,0.323637,-0.120427
-414.240829,694.753681,0.335955,-0.112399
-406.648977,698.494516,0.346230,-0.104371
-398.918494,701.940321,0.353890,-0.096342
-389.551969,705.798920,0.360757,-0.088314
-380.042381,709.289306,0.364137,-0.080285
-370.398847,712.386872,0.363375,-0.072257
-360.633101,715.069115,0.357812,-0.064228
-350.757136,717.304565,0.347020,-0.056199
-340.790757,719.089242,0.331015,-0.048171
-330.754391,720.432724,0.310232,-0.040142
-320.671231,721.391085,0.285677,-0.032114
-310.558795,722.012196,0.257828,-0.024086
-300.431732,722.370097,0.227207,-0.016057
-290.298114,722.525363,0.194067,-0.008028
-280.162898,722.558198,0.159145,0.000000
-270.027565,722.531706,0.122629,0.000000
-259.892315,722.492544,0.084413,0.000000
-249.757046,722.451503,0.044582,0.000000
-239.621743,722.396298,0.003435,0.000000
-229.486510,722.314058,-0.038362,0.000000
-219.351392,722.210036,-0.080051,0.000000
-209.216382,722.093122,-0.120826,0.000000
-199.081378,721.974170,-0.160168,0.000000
-188.946381,721.853840,-0.197600,0.000000
-178.811447,721.727329,-0.232158,0.000000
-168.676572,721.594516,-0.263142,0.000000
-158.541821,721.450953,-0.290393,0.000000
-148.407053,721.307426,-0.314364,0.000000
-138.272225,721.167670,-0.335592,0.000000
-126.468201,721.020174,-0.353621,0.000000
-114.664078,720.880287,-0.369359,0.000000
-102.859976,720.738689,-0.382764,0.000000
-92.725010,720.607506,-0.394498,0.000000
-82.590069,720.473406,-0.404095,0.000000
-72.455120,720.339167,-0.411970,0.000000
-62.320136,720.207354,-0.418546,0.000000
-52.185083,720.081092,-0.424141,0.000000
-42.050049,719.953278,-0.428680,0.000000
-31.915030,719.824245,-0.432231,0.000000
-21.780083,719.689307,-0.434770,0.000000
-11.645109,719.556369,-0.436281,0.000000
-1.510065,719.428983,-0.436751,0.000000
8.624999,719.303050,-0.436297,0.000000
18.760055,719.176496,-0.434979,0.000000
28.895103,719.049095,-0.432758,0.000000
39.030075,718.916078,-0.429495,0.000000
49.165037,718.783022,-0.425189,0.000000
59.300016,718.651322,-0.419888,0.000000
69.435050,718.523810,-0.413627,0.000000
79.570089,718.395962,-0.406733,0.000000
89.705142,718.269300,-0.399566,0.000000
99.840203,718.143346,-0.392367,0.000000
109.975321,718.022018,-0.385108,0.000000
120.110376,717.895624,-0.377824,0.000000
130.245396,717.766486,-0.370513,0.000000
140.380322,717.629885,-0.363136,0.000000
150.515159,717.487138,-0.355547,0.000000
160.649978,717.342872,-0.347841,0.000000
170.784778,717.197604,-0.340216,0.000000
180.919620,717.055147,-0.332746,0.000000
191.054470,716.913425,-0.325192,0.000000
201.189406,716.777958,-0.317202,0.000000
211.324456,716.651205,-0.308439,0.000000
221.459654,716.536836,-0.298779,0.000000
231.594904,716.427213,-0.288317,0.000000
241.730125,716.314973,-0.277305,0.000000
251.865229,716.192751,-0.265927,0.000000
262.000238,716.062590,-0.254223,0.000000
272.135138,715.924580,-0.242211,0.000000
282.270043,715.787050,-0.230049,0.000000
292.404984,715.652388,-0.217774,0.000000
304.208970,715.499070,-0.203047,0.000000
316.012919,715.343420,-0.187438,0.000000
327.816789,715.181866,-0.170512,0.000000
337.951669,715.043066,-0.154480,0.000000
348.086570,714.905436,-0.137476,0.000000
358.221571,714.775838,-0.119989,0.000000
368.356621,714.650014,-0.102247,0.000000
378.491710,714.527255,-0.084511,0.000000
388.626754,714.400661,-0.067206,0.000000
398.761733,714.268933,-0.050702,0.000000
408.896648,714.132119,-0.035382,0.000000
419.031544,713.993747,-0.021035,0.000000
429.166454,713.856478,-0.007327,0.000000
439.301377,713.720310,0.005744,0.000000
449.436307,713.584694,0.018283,0.000000
459.571199,713.446098,0.030119,0.000000
469.706143,713.311337,0.041406,0.000000
479.841051,713.174138,0.052417,0.000000
489.976021,713.041387,0.063612,0.000000
500.110997,712.909174,0.075410,0.000000
510.246015,712.779950,0.088143,0.000000
520.381030,712.650847,0.102177,0.000000
530.516003,712.518576,0.117669,0.000000
540.650904,712.380986,0.134317,0.000000
550.785856,712.247468,0.151849,0.000000
560.920820,712.114938,0.169831,0.000000
571.055899,711.991225,0.188142,0.000000
581.191051,711.874578,0.206778,0.000000
591.326345,711.773881,0.225852,0.000000
601.461670,711.678421,0.245276,0.000000
611.596998,711.585097,0.265188,0.000000
621.732251,711.481465,0.286047,0.000000
631.867361,711.364886,0.308766,0.000000
642.002094,711.221124,0.334597,0.000000
652.136471,711.055539,0.365155,0.000000
662.270352,710.863248,0.401776,0.000000
672.403721,710.647898,0.444609,0.000000
682.536662,710.416950,0.493779,0.000000
692.669464,710.185749,0.549126,0.000000
702.801953,709.944537,0.610682,0.000000
712.932678,709.649061,0.678230,-0.006690
723.058357,709.229240,0.750970,-0.013381
733.172178,708.604562,0.827786,-0.020071
743.264409,707.706403,0.907884,-0.026762
753.322601,706.491170,0.991135,-0.033452
763.331240,704.926393,1.078036,-0.040142
773.270222,702.975350,1.167648,-0.046833
783.114414,700.596524,1.258071,-0.053523
792.839158,697.769637,1.346831,-0.060214
802.430767,694.514581,1.430854,-0.066904
811.879352,690.862077,1.508751,-0.073595
821.178526,686.843893,1.580480,-0.080285
830.315694,682.469114,1.647043,-0.086975
839.278504,677.747446,1.708960,-0.093666
848.056023,672.689355,1.766451,-0.100356
856.631134,667.295686,1.819575,-0.107047
864.990579,661.573684,1.868854,-0.113737
873.117877,655.526277,1.914726,-0.120427
881.004538,649.168424,1.957407,-0.127118
888.637570,642.508061,1.997302,-0.133808
896.004952,635.555364,2.033979,-0.140499
903.098710,628.322903,2.068101,-0.147189
909.906390,620.820866,2.099810,-0.153880
916.429068,613.069201,2.129523,-0.160570
922.650955,605.074460,2.157665,-0.147189
928.563928,596.849305,2.184136,-0.133808
934.152295,588.400200,2.209025,-0.120427
938.615841,581.209287,2.229258,-0.107047
942.803825,573.854646,2.247699,-0.093666
946.707524,566.345331,2.264378,-0.080285
951.118183,557.225585,2.282305,-0.066904
955.164205,547.938766,2.298920,-0.053523
958.828883,538.495734,2.313857,-0.040142
962.080308,528.903271,2.326493,-0.026762
964.908768,519.178328,2.335466,-0.013381
967.305214,509.338268,2.340022,0.000000
969.285224,499.406542,2.339895,0.000000
970.858918,489.402845,2.335479,0.000000
972.044609,479.345590,2.327352,0.000000
972.872989,469.250550,2.315850,0.000000
973.397793,459.132487,2.301064,0.000000
973.686681,449.002798,2.282722,0.000000
973.814166,438.868636,2.260933,0.000000
973.849786,428.733324,2.236370,0.000000
973.842083,418.598140,2.209938,0.000000
973.816746,408.463054,2.181810,0.000000
973.771457,398.327930,2.151892,0.000000
973.700185,388.192764,2.120757,0.000000
973.600538,378.057700,2.089173,0.000000
973.479545,367.922763,2.057463,0.000000
973.350820,357.787877,2.026566,0.000000
973.221064,347.652989,1.997571,0.000000
973.090714,337.518087,1.972307,0.000000
972.958355,327.383186,1.952252,0.000000
972.816307,317.248390,1.938714,0.000000
972.666118,307.113687,1.932502,0.000000
972.510501,296.979043,1.933172,0.000000
972.355945,286.844386,1.940460,0.000000
972.209133,276.709617,1.954097,0.000000
972.053196,266.575018,1.973973,0.000000
971.866970,256.441024,2.000133,0.000000
971.616228,246.308507,2.032916,0.000000
971.238948,236.180763,2.071174,0.000000
970.670759,226.063126,2.114565,0.000000
969.853803,215.963292,2.163407,-0.008028
968.735439,205.894514,2.220631,-0.016057
967.264453,195.873726,2.289167,-0.024085
965.346072,185.931125,2.371490,-0.032114
962.927335,176.101591,2.454494,-0.040142
960.012301,166.404424,2.527937,-0.048171
956.681581,156.838211,2.584933,-0.056199
953.002768,147.398539,2.633167,-0.064228
948.987903,138.097370,2.676731,-0.072256
944.606579,128.964042,2.719117,-0.080285
939.870761,120.008832,2.759328,-0.088313
934.799515,111.237858,2.797281,-0.096342
929.420054,102.652597,2.830152,-0.104370
923.733429,94.268146,2.859591,-0.112399
917.734034,86.104958,2.886344,-0.120427
911.420999,78.182486,2.910861,-0.128456
904.800785,70.514614,2.933446,-0.136484
897.888478,63.108421,2.953882,-0.144513
890.698993,55.971003,2.972168,-0.152541
883.240049,49.116221,2.988248,-0.160570
875.515624,42.562389,3.002346,-0.150534
867.533593,36.325169,3.014511,-0.140499
859.310907,30.408258,3.025126,-0.130463
850.866179,24.811934,3.034530,-0.120427
843.683590,20.334699,3.042216,-0.110392
836.337608,16.131287,3.048012,-0.100356
828.837367,12.210099,3.051385,-0.090321
819.729173,7.775042,3.052249,-0.080285
810.458544,3.690729,3.049876,-0.070249
801.034772,-0.024635,3.043686,-0.060214
791.464162,-3.340453,3.033074,-0.050178
781.759952,-6.240612,3.017359,-0.040142
771.939880,-8.717626,2.996100,-0.030107
762.022601,-10.767408,2.968820,-0.020071
752.026921,-12.391341,2.935649,-0.010036
741.971458,-13.603855,2.897140,0.000000
731.876774,-14.456745,2.854529,0.000000
721.759395,-15.016921,2.809394,0.000000
711.630885,-15.360515,2.763628,0.000000
701.497627,-15.548933,2.718317,0.000000
691.362744,-15.637527,2.673300,0.000000
681.227602,-15.662610,2.627667,0.000000
671.092476,-15.647590,2.580509,0.000000
660.957354,-15.595629,2.531596,0.000000
650.822254,-15.511844,2.481054,0.000000
640.687311,-15.400511,2.429877,0.000000
630.552457,-15.276432,2.378397,0.000000
620.417611,-15.150503,2.326705,0.000000
610.282712,-15.028285,2.274816,0.000000
600.147767,-14.908266,2.223728,0.000000
590.012813,-14.787694,2.174276,0.000000
579.877872,-14.664427,2.127381,0.000000
569.742990,-14.534984,2.083268,0.000000
559.608143,-14.401208,2.041822,0.000000
549.473253,-14.269981,2.002175,0.000000
539.338268,-14.145695,1.963715,0.000000
529.203198,-14.027983,1.926237,0.000000
519.068110,-13.911119,1.889895,0.000000
508.933068,-13.790048,1.854643,0.000000
497.129105,-13.640284,1.817753,0.000000
485.325183,-13.487052,1.780622,0.000000
473.521229,-13.336940,1.742761,0.000000
463.386149,-13.219006,1.707288,0.000000
453.251032,-13.103721,1.673103,0.000000
443.115869,-12.992095,1.640867,0.000000
432.980687,-12.882863,1.609947,0.000000
422.845480,-12.778147,1.579648,0.000000
412.710255,-12.678553,1.548915,0.000000
402.575072,-12.574254,1.517559,0.000000
392.439957,-12.462115,1.485051,0.000000
382.304927,-12.338488,1.452305,0.000000
372.170000,-12.206295,1.419311,0.000000
362.035129,-12.069822,1.387077,0.000000
351.900238,-11.934614,1.356006,0.000000
341.765260,-11.805943,1.326209,0.000000
331.630218,-11.681588,1.297066,0.000000
321.495197,-11.555565,1.267770,0.000000
311.360277,-11.421626,1.238016,0.000000
301.225430,-11.282387,1.208062,0.000000
291.090622,-11.140235,1.178028,0.000000
280.955773,-11.001027,1.147833,0.000000
270.820831,-10.868970,1.117003,0.000000
260.685805,-10.743770,1.086303,0.000000
250.550711,-10.624031,1.056425,0.000000
240.415627,-10.502960,1.027658,0.000000
230.280566,-10.379673,0.999670,0.000000
220.145505,-10.256243,0.972194,0.000000
210.010425,-10.134394,0.945055,0.000000
199.875359,-10.011377,0.917555,0.000000
189.740345,-9.884333,0.889610,0.000000
179.605336,-9.757128,0.861380,0.000000
169.470349,-9.628275,0.832992,0.000000
159.335416,-9.495350,0.804260,0.000000
149.200504,-9.360845,0.774246,0.000000
139.065624,-9.224150,0.743321,0.000000
128.930746,-9.087615,0.711540,0.000000
118.795887,-8.949576,0.679833,0.000000
108.661012,-8.812612,0.648137,0.000000
98.526085,-8.679579,0.616548,0.000000
88.391102,-8.551098,0.585343,0.000000
76.587133,-8.400106,0.550646,0.000000
64.783252,-8.242533,0.517499,0.000000
52.979476,-8.076646,0.485916,0.000000
42.844707,-7.932495,0.459644,0.000000
32.709836,-7.795906,0.433351,0.000000
