367.4976381003432,138.02977363739348,0.2997828351402063,-0.1571
366.24375957143104,137.86220111866353,0.2997828675910341,-0.1571
364.99245463729216,137.69497254374346,0.2997829018205493,-0.1571
363.74373448682894,137.52808940795555,0.2997829420597213,-0.1571
362.49761012963245,137.3615531826584,0.2997829818915534,-0.1571
361.2540924675632,137.19536532481314,0.2997830276734703,-0.1571
360.01319259154354,137.02952731664763,0.299783072001901,-0.1571
358.7749214849269,136.86404062601395,0.2997831233851116,-0.1571
357.5392899665504,136.69890669877773,0.2997831759481641,-0.1571
356.30630891384806,136.53412698863553,0.2997832318445717,-0.1571
355.0759893953229,136.3697029748192,0.2997832915593221,-0.1571
353.8483420117659,136.2056360740538,0.299783350690916,-0.1571
352.62337785661566,136.0419277689036,0.2997834171004001,-0.1571
351.4011074904534,135.87857947071998,0.299783482956002,-0.1571
350.1815417969633,135.71559263403486,0.2997835538275808,-0.1571
348.96469154655125,135.55296869824133,0.2997836266753211,-0.1571
347.7505675259542,135.39070910491492,0.2997837021969758,-0.1571
346.757154,135.257946,0.2997837792614177,-0.1571
346.757154,135.257946,0.2997838603992591,-0.1571
346.757154,135.257946,0.2997839460868476,-0.1571
346.757154,135.257946,0.2997840314824316,-0.1571
346.757154,135.257946,0.2997841234789007,-0.1571
346.757154,135.257946,0.299784215318823,-0.1571
346.757154,135.257946,0.2997843103379409,-0.1571
346.757154,135.257946,0.2997844100995053,-0.1571
346.757154,135.257946,0.2997845103587906,-0.1571
346.757154,135.257946,0.2997846141979607,-0.1571
346.757154,135.257946,0.2997847220269705,-0.1571
346.757154,135.257946,0.2997848313891609,-0.1571
346.757154,135.257946,0.2997849439474862,-0.1571
346.757154,135.257946,0.2997850589427457,-0.1571
346.757154,135.257946,0.2997851762405048,-0.1571
346.757154,135.257946,0.299785298116376,-0.1571
346.757154,135.257946,0.2997854220386102,-0.1571
346.757154,135.257946,0.2997855485543823,-0.1571
346.757154,135.257946,0.2997856779363701,-0.1571
346.757154,135.257946,0.2997858101780366,-0.1571
346.757154,135.257946,0.2997859434623251,-0.1571
345.6703621425735,135.0616814356257,0.2997860816683442,-0.1571
344.4882765352501,134.84820770080788,0.2997862226060874,-0.1571
343.3089191791521,134.63522666294446,0.2997863649732721,-0.1571
342.1322890933206,134.42273814488337,0.2997865111847773,-0.1571
340.9583853430065,134.21074197781758,0.2997866579701735,-0.1571
339.7872067980006,133.9992379576417,0.2997868108599846,-0.1571
338.6187521201969,133.7882258427062,0.2997869655699219,-0.1571
337.4530199342035,133.577705384628,0.2997871196456003,-0.1571
336.2900084431114,133.36767625890192,0.2997872808658712,-0.1571
335.12971611894136,133.1581381895891,0.2997874403160381,-0.1571
333.972141054377,132.94909083224576,0.2997876049062711,-0.1571
332.8172811843907,132.74053381394702,0.2997877722780799,-0.1571
331.66513443344616,132.5324667598702,0.2997879434407196,-0.1571
330.5156985098401,132.3248892561549,0.2997881140199183,-0.1571
329.36897089614365,132.11780084817673,0.299788288133243,-0.1571
328.2249492674365,131.91120111607654,0.299788465535471,-0.1571
327.08363077848065,131.70508954603068,0.299788645386343,-0.1571
325.94501264855046,131.49946563586576,0.2997888290831838,-0.1571
324.80909199842375,131.2943288656209,0.2997890132857037,-0.1571
323.67586570279775,131.0896786708953,0.2997891997688953,-0.1571
323.04846,130.976375,0.2997893924244863,-0.1571
323.04846,130.976375,0.2997895844736717,-0.1571
323.04846,130.976375,0.299789778975537,-0.1571
323.04846,130.976375,0.2997899752853641,-0.1571
323.04846,130.976375,0.29979017530286,-0.1571
323.04846,130.976375,0.2997903775042232,-0.1571
323.04846,130.976375,0.2997905823065139,-0.1571
323.04846,130.976375,0.2997907889821363,-0.1571
323.04846,130.976375,0.299790996484603,-0.1571
323.04846,130.976375,0.299791208786246,-0.1571
322.6100067582415,130.8867936927702,0.2997914231144136,-0.1571
321.4915951047275,130.658288647304,0.2997916401703833,-0.1571
320.3757530710586,130.43030860629187,0.2997918599088507,-0.1571
319.26248024834354,130.2028534861923,0.2997920788673127,-0.1571
318.1517754397511,129.97592304247823,0.2997923015353194,-0.1571
317.0436373533912,129.74951701120085,0.2997925288206602,-0.1571
315.9380643914586,129.5236350659092,0.2997927565174336,-0.1571
314.8350548976353,129.29827686819743,0.2997929868080859,-0.1571
313.7346073461206,129.07344210632604,0.2997932189196035,-0.1571
312.6367198165084,128.84913038793275,0.2997934540818505,-0.1571
311.5413906825706,128.6253413807595,0.2997936907144094,-0.1571
310.4486177925266,128.40207464517144,0.2997939311836148,-0.1571
309.35839923337613,128.17932979031946,0.2997941709618885,-0.1571
308.27073290838257,127.95710638781482,0.2997944155436585,-0.1571
307.18561675206666,127.73540401565518,0.2997946623054872,-0.1571
306.10304835738003,127.51422218205133,0.2997949107275985,-0.1571
305.02302545044824,127.29356042242323,0.2997951610296923,-0.1571
303.9455455620533,127.07341823227974,0.2997954149314523,-0.1571
302.87060638267536,126.85379513975795,0.2997956680853235,-0.1571
301.7982052290202,126.63469059662839,0.2997959260195557,-0.1571
300.72833938746265,126.41610404846455,0.2997961845715053,-0.1571
299.66100630792823,126.19803497425536,0.2997964466611051,-0.1571
298.5962029516848,125.98048275315101,0.2997967088068094,-0.1571
297.53392640590965,125.76344679002656,0.299796974387732,-0.1571
297.231126,125.701581,0.299797242462148,-0.1571
296.41827503627843,125.53367733335953,0.299797513124588,-0.1571
295.3618245183737,125.31545539170337,0.2997977845785158,-0.1571
294.3078815054315,125.09775140388636,0.2997980588681912,-0.1571
293.2564424110048,124.88056462908685,0.299798334227944,-0.1571
292.20750397370193,124.66389439362706,0.2997986123979785,-0.1571
291.16106268753555,124.4477399733052,0.299798893265347,-0.1571
290.1171151134568,124.2321006577464,0.29979917466909,-0.1571
289.0756574361296,124.01697565884932,0.2997994597494653,-0.1571
288.03668610632053,123.80236424347919,0.2997997468000335,-0.1571
287.0001972652433,123.58826561455956,0.2998000355727868,-0.1571
285.96618730059987,123.37467902592894,0.2998003241294782,-0.1571
284.9346525881188,123.1616037289526,0.2998006178862056,-0.1571
283.90558933706353,122.94903894061052,0.2998009115966624,-0.1571
282.87899390366016,122.73698390823952,0.2998012093707416,-0.1571
281.85486238553614,122.52543782575991,0.2998015073100077,-0.1571
280.8331909984623,122.31439991149584,0.2998018068045098,-0.1571
279.81397560955946,122.10386931175383,0.299802108803533,-0.1571
278.7972123969499,121.89384523708131,0.2998024132529053,-0.1571
277.78289712952164,121.68432681349373,0.2998027207103177,-0.1571
276.77102582808,121.47531321904285,0.2998030291986993,-0.1571
275.7615941530573,121.26680355734133,0.2998033381058462,-0.1571
274.7545977931716,121.05879693784458,0.2998036500658827,-0.1571
273.7500325578161,120.8512924949348,0.2998039642754975,-0.1571
272.74789406611114,120.64428932369117,0.2998042801111182,-0.1571
271.74817775717605,120.43778648201162,0.2998045976069079,-0.1571
270.75087911341257,120.23178303673453,0.2998049178229394,-0.1571
269.75599357877593,120.02627804675673,0.2998052377868134,-0.1571
268.76351670822265,119.82127059390363,0.2998055640531447,-0.1571
267.9613373418688,119.65532779986853,0.2998058869056308,-0.1571
266.97328170973725,119.45078777366219,0.2998062148611211,-0.1571
265.98761912380996,119.24674313831991,0.2998065437716377,-0.1571
265.0043447403726,119.04319289113147,0.2998068751430196,-0.1571
264.02345375643586,118.8401360378173,0.2998072066434929,-0.1571
263.0449410438311,118.63757151678153,0.2998075400793141,-0.1571
262.0688017355267,118.43549832048701,0.2998078773537713,-0.1571
261.09503061055136,118.23391536812659,0.2998082144866885,-0.1571
260.1236216914035,118.03282142228174,0.2998085545263507,-0.1571
259.1545686453909,117.83221517200496,0.2998088966322711,-0.1571
258.18786473480014,117.63209522250432,0.2998092396603056,-0.1571
257.2235030135703,117.4324601358572,0.2998095841949748,-0.1571
256.26147698628887,117.23330856743102,0.2998099311851661,-0.1571
255.30177959596202,117.03463905633868,0.2998102807263763,-0.1571
254.3444039800158,116.83645018194049,0.2998106287599,-0.1571
253.38934307576068,116.63874048217029,0.2998109828551492,-0.1571
252.43659002685493,116.44150853767852,0.2998113351991378,-0.1571
251.4861374991351,116.2447528302005,0.2998116905409631,-0.1571
250.53797851974073,116.0484719162658,0.2998120491505176,-0.1571
249.59210590129595,115.85266430799663,0.299812406944909,-0.1571
248.64851217752198,115.65732845977877,0.2998127677674915,-0.1571
247.7071902362547,115.46246289930416,0.2998131284375347,-0.1571
246.7681324544839,115.26806604851318,0.2998134923657574,-0.1571
245.83133160563563,115.07413641141352,0.299813857298318,-0.1571
244.89678015913083,114.88067242907997,0.299814224104324,-0.1571
243.96447052684823,114.68767253067534,0.2998145916536998,-0.1571
243.03439513534946,114.49513514840201,0.2998149626872077,-0.1571
242.10654620420735,114.30305867161304,0.2998153345222647,-0.1571
241.1809162588895,114.11144155298558,0.2998157090220559,-0.1571
240.25749733828894,113.92028214446968,0.2998160818329154,-0.1571
239.388772,113.740445,0.2998164587384053,-0.1571
238.55529918850087,113.56760532440981,0.2998168367451512,-0.1571
237.63813609761635,113.37741055272117,0.2998172164742811,-0.1571
236.7231515445569,113.18766755074326,0.2998175971537478,-0.1571
235.81033709886816,112.99837457022826,0.2998179792095641,-0.1571
234.8996839860795,112.80952979158879,0.2998183632180939,-0.1571
233.9911836000012,112.62113143013427,0.2998187496478977,-0.1571
233.08482703080472,112.43317763820771,0.2998191361163549,-0.1571
232.1806056153452,112.24566661930763,0.299819525342798,-0.1571
231.27851023125407,112.05859648170198,0.2998199161561388,-0.1571
230.37853228828448,111.87196544400634,0.2998203072812941,-0.1571
229.4806625492738,111.6857715906835,0.299820699897964,-0.1571
228.58489198586676,111.50001304949721,0.2998210943767105,-0.1571
227.69121170009004,111.31468797524894,0.2998214895726789,-0.1571
226.7996124910573,111.1297944599242,0.2998218879942271,-0.1571
225.91008511717467,110.94533058706682,0.2998222865519437,-0.1571
225.02262042833382,110.76129445919229,0.2998226866077118,-0.1571
224.1372090918952,110.57768414096407,0.2998230905945149,-0.1571
223.25384191923658,110.39449772691091,0.2998234905567187,-0.1571
222.3725093185015,110.21173322794169,0.2998238955264867,-0.1571
221.4932021095266,110.02938874033931,0.2998243020174982,-0.1571
220.61591065680915,109.84746226596158,0.2998247074787343,-0.1571
219.74062558695996,109.66595186102163,0.2998251176337021,-0.1571
218.86733732501773,109.48485553993189,0.2998255276393422,-0.1571
217.99603612586552,109.30417128181921,0.2998259380038348,-0.1571
217.1267125512914,109.1238971294542,0.2998263502449561,-0.1571
216.25935670238067,108.94403103007019,0.2998267637489391,-0.1571
215.39395910210743,108.7645710183888,0.2998271793452147,-0.1571
214.5305097536347,108.58551502133696,0.299827595318618,-0.1571
214.091026,108.494378,0.2998280128970521,-0.1571
214.091026,108.494378,0.2998284334567245,-0.1571
214.091026,108.494378,0.2998288521621646,-0.1571
214.091026,108.494378,0.2998292745529056,-0.1571
214.091026,108.494378,0.2998296978448422,-0.1571
213.3325608387936,108.32843245188661,0.2998301201373294,-0.1571
212.47151698096877,108.14004358151432,0.2998305478311351,-0.1571
211.61234194613496,107.95206359327854,0.2998309734012139,-0.1571
210.75502857362477,107.7644909204878,0.2998314001050346,-0.1571
209.89956948353856,107.57732394848459,0.2998318292486601,-0.1571
209.04595737867538,107.3905610807051,0.2998322620864542,-0.1571
208.19418478787838,107.20420068252551,0.2998326924343644,-0.1571
207.34424439038926,107.0182411522279,0.2998331243865095,-0.1571
206.49612855722086,106.83268082065655,0.2998335580596176,-0.1571
205.64982999062354,106.64751809112764,0.2998339927795825,-0.1571
204.80534115441944,106.46275131479129,0.2998344299743394,-0.1571
203.96265440212267,106.27837881866327,0.299834867051004,-0.1571
203.12176229572975,106.09439897537338,0.2998353062383216,-0.1571
202.2826581834037,105.91081032955783,0.2998357443061934,-0.1571
201.44534414748787,105.72761333681518,0.2998361862450167,-0.1571
200.60984104889474,105.54481256133073,0.2998366289755552,-0.1571
199.77617836056112,105.36241445152547,0.2998370716252907,-0.1571
198.9443867358853,105.18042571409498,0.299837517102361,-0.1571
198.1144965358114,104.99885299174852,0.2998379613701445,-0.1571
197.28653861472606,104.8177030351562,0.2998384094217101,-0.1571
196.4605461990479,104.636983113968,0.2998388592599212,-0.1571
195.63656160517047,104.45670248664099,0.2998393071985106,-0.1571
194.81462783179987,104.27687056091622,0.2998397560343164,-0.1571
193.9947901027934,104.09749723137843,0.2998402103315527,-0.1571
193.177095278266,103.91859275061118,0.2998406619990703,-0.1571
192.427976,103.754692,0.2998411190695265,-0.1571
192.427976,103.754692,0.2998415729233272,-0.1571
192.427976,103.754692,0.2998420322564641,-0.1571
192.427976,103.754692,0.2998424918919511,-0.1571
192.427976,103.754692,0.2998429523420043,-0.1571
192.427976,103.754692,0.2998434138109473,-0.1571
192.427976,103.754692,0.2998438790753823,-0.1571
192.07028169899158,103.67016861771289,0.299844342451081,-0.1571
191.25676217210582,103.47793345552232,0.2998448112743119,-0.1571
190.44582911514127,103.28630947775741,0.2998452787562087,-0.1571
189.63753112037338,103.0953081668026,0.299845750848533,-0.1571
188.83191714637644,102.90494109159894,0.2998462209383774,-0.1571
188.02903594233965,102.71521977160972,0.2998466941523361,-0.1571
187.2289369808334,102.5261558972336,0.2998471699946776,-0.1571
186.43166956615272,102.33776111910564,0.2998476477567351,-0.1571
185.63728330787066,102.15004715999835,0.2998481267980253,-0.1571015
184.84582809114676,101.96302580780545,0.2998486078042788,-0.1571205
184.05735403294773,101.77670890519688,0.2998490901791797,-0.157212
183.27191129642821,101.59110830575676,0.2998495745585785,-0.1574391
182.48955034986201,101.40623593516911,0.2998500591939148,-0.1577988
181.71032183445843,101.22210375998264,0.2998505487890668,-0.1582672
180.93427725024893,101.03872394968637,0.2998510385183977,-0.158858
180.16147118507803,100.85610940342134,0.2998515316370174,-0.1595724
179.39196111764778,100.67427370344004,0.2998520246785574,-0.160405
178.6258047375819,100.49323048183585,0.2998525216086705,-0.1613725
177.86305982132757,100.31299339121864,0.2998530204600058,-0.1624473
177.784256,100.294372,0.2998535213012872,-0.1636448
177.784256,100.294372,0.2998540227114574,-0.1649855
177.784256,100.294372,0.2998545269861949,-0.1664462
177.784256,100.294372,0.2998550339626149,-0.1680679
177.784256,100.294372,0.299855541898836,-0.1698572
177.784256,100.294372,0.2998560528606617,-0.1717377
177.784256,100.294372,0.2998565672529594,-0.1736903
177.784256,100.294372,0.2998570818323003,-0.1757711
177.784256,100.294372,0.2998576016927927,-0.1780105
177.784256,100.294372,0.2998581190275331,-0.1803779
177.784256,100.294372,0.2998586438768598,-0.1828766
177.784256,100.294372,0.2998591663165939,-0.185507
177.784256,100.294372,0.2998596939305571,-0.1882399
177.784256,100.294372,0.299860223678678,-0.1911079
177.69468002419848,100.26950527844053,0.2998607560375603,-0.1941165
176.95297475081097,100.063604328465,0.2998612907559277,-0.1972128
176.2155678524066,99.85889662805116,0.2998618276077138,-0.2003714
175.4825214858817,99.65539943225231,0.2998623673540237,-0.2035474
174.75389775272512,99.45312998074029,0.2998629085082029,-0.2067299
174.02975933812084,99.2521056752236,0.2998634537322573,-0.2099105
173.31016916547466,99.0523439835422,0.2998640009246003,-0.2131099
172.5951901865826,98.85386238141734,0.2998645508388335,-0.2163015
171.88488317430446,98.6566777396871,0.299865102722805,-0.2194856
171.17930738568424,98.46080650839178,0.2998656596957687,-0.2226969
170.47852218768637,98.26626516808616,0.2998662152938323,-0.2259071
169.78258740011572,98.07307032503569,0.2998667757081534,-0.2290911
169.0915632250202,97.88123869161828,0.2998673386498467,-0.2322967
168.40551001750566,97.69078702270154,0.2998679060568463,-0.2355174
167.7244885966874,97.50173220196426,0.2998684735426877,-0.2387251
167.04856008245298,97.31409119658112,0.2998690449622643,-0.2419458
166.37778575220273,97.12788101745305,0.2998696177887439,-0.2451513
165.71222736680554,96.9431188096942,0.2998701962716268,-0.2483669
165.0519471171132,96.75982183778403,0.2998707757288912,-0.2515997
164.39700715696156,96.57800735592622,0.2998713592382955,-0.2548161
163.74747043206165,96.39769283815276,0.2998719444082951,-0.2580294
163.1033998003864,96.21889573413921,0.2998725315689228,-0.2612572
162.906902,96.164347,0.2998731228638576,-0.2644742
162.906902,96.164347,0.2998737162131419,-0.2676879
162.906902,96.164347,0.2998743132727668,-0.2709267
162.906902,96.164347,0.2998749137310881,-0.2741654
162.906902,96.164347,0.299875517051646,-0.2773973
162.906902,96.164347,0.2998761226064346,-0.2806272
162.906902,96.164347,0.2998767306083891,-0.2838366
162.906902,96.164347,0.299877342317643,-0.287071
162.906902,96.164347,0.2998779575488584,-0.290305
162.906902,96.164347,0.2998785750508546,-0.293515
162.906902,96.164347,0.2998791964928955,-0.2967416
162.906902,96.164347,0.2998798195990844,-0.2999832
162.906902,96.164347,0.2998804468999765,-0.3032075
162.906902,96.164347,0.2998810758366801,-0.3064205
162.906902,96.164347,0.2998817106150966,-0.3096194
162.906902,96.164347,0.2998823447711629,-0.3127515
162.906902,96.164347,0.2998829851873097,-0.3157519
162.68977557268772,96.09343216083123,0.2998836269244407,-0.3186224
162.11007175000552,95.90409729330766,0.299884271084494,-0.3213828
161.53694944949135,95.71691199178493,0.2998849209906211,-0.3240023
160.9704784145965,95.5318990349072,0.2998855722436815,-0.3265012
160.4107285078348,95.34908124020524,0.2998862266395008,-0.3288555
159.85777006004386,95.16848157816726,0.2998868850071972,-0.3310697
159.31167382326214,94.99012315684826,0.2998875471556914,-0.3331635
158.77251096100431,94.81402921869396,0.2998882105038092,-0.3351212
158.24035287858558,94.64022308512361,0.299888876831659,-0.3369425
157.71527138562914,94.46872820960597,0.2998895485266644,-0.3386474
157.19733862926964,94.29956815584313,0.2998902229320208,-0.3402424
156.68662725315122,94.13276664970029,0.2998908984265256,-0.3417076
156.1832100195921,93.96834745580229,0.2998915800110922,-0.3430299
155.687160435854,93.80633458207718,0.299892262874863,-0.344212
155.19855191237895,93.64675200483109,0.2998929493223841,-0.3452631
154.7174586068979,93.48962394443936,0.2998936388133302,-0.3461981
154.24395475825403,93.33497464776906,0.2998943324667209,-0.3469931
153.77811508172567,93.18282851729397,0.2998950288828439,-0.3476394
153.32001425708185,93.03320994389028,0.2998957284116272,-0.3481742
152.8697250288348,92.88614268636732,0.299896430547534,-0.3485802
152.4273156767598,92.74164904532361,0.2998971364054341,-0.3488469
151.99285179069915,92.59975044280885,0.2998978449778349,-0.3490028
151.5663986588225,92.4604682023446,0.2998985586930018,-0.3490778
151.14802571269814,92.32382500071209,0.2998992739279345,-0.3490997
150.73781792246868,92.18984858968744,0.2998999928051944,-0.3491
150.33586808256908,92.05856927650922,0.299900715112301,-0.3491
149.94226752393195,91.93001689042703,0.2999014408120786,-0.3491
149.55710733153163,91.80422118035898,0.2999021684546221,-0.3491
149.1804790936798,91.6812120596163,0.2999029010015306,-0.3491
148.81247456902696,91.5610194971439,0.2999036351978077,-0.3491
148.4531838228226,91.44367290881144,0.2999043733503868,-0.3491
148.10267896346696,91.3291958456701,0.299905114281529,-0.3491
148.072977,91.319495,0.2999058592524477,-0.3491
148.072977,91.319495,0.2999066071553784,-0.3491
148.072977,91.319495,0.2999073571491237,-0.3491
148.072977,91.319495,0.2999081107711419,-0.3491
148.072977,91.319495,0.2999088668805143,-0.3491
148.072977,91.319495,0.2999096287991847,-0.3491
148.072977,91.319495,0.2999103902082538,-0.3491
148.072977,91.319495,0.2999111561210696,-0.3491
148.072977,91.319495,0.2999119268029346,-0.3491
148.072977,91.319495,0.2999126986112514,-0.3491
148.072977,91.319495,0.2999134713824816,-0.3491
148.072977,91.319495,0.2999142508247701,-0.3491
148.072977,91.319495,0.2999150294609194,-0.3491
148.072977,91.319495,0.2999158130820945,-0.3491
148.072977,91.319495,0.2999165988275223,-0.3491
148.072977,91.319495,0.2999173871661469,-0.3491
148.072977,91.319495,0.2999181785719287,-0.3491
148.072977,91.319495,0.2999189735217413,-0.3491
148.072977,91.319495,0.2999197698170093,-0.3491
148.072977,91.319495,0.2999205703011967,-0.3491
147.92245994019336,91.26467407697706,0.2999213713442259,-0.3491
147.72345213388823,91.19219198328992,0.2999221750492467,-0.3491
147.53337526683896,91.12296269253487,0.2999229809870627,-0.3491
147.35224290158908,91.05699114442542,0.2999237916783812,-0.3491
147.18006828114267,90.99428216229327,0.2999246027181783,-0.3491
147.0168647379654,90.93484060205361,0.2999254161467775,-0.3491
146.86264575351302,90.87867137388639,0.2999262350186171,-0.3491
146.7174245790884,90.82577930414585,0.2999270520471526,-0.3491
146.581214915994,90.77616938308395,0.2999278736243553,-0.3491
146.45402993795665,90.72984640880038,0.2999286972216026,-0.3491
146.33588331541236,90.686815360305,0.2999295225521905,-0.3491
146.22678831797242,90.64708107062033,0.2999303504135753,-0.3491
146.1267585746016,90.61064850365165,0.2999311797276505,-0.3491
146.03580756962552,90.57752257062413,0.2999320136076591,-0.3491
145.95394876390878,90.54770817421809,0.2999328478770877,-0.3491
145.8811957119828,90.52121025122888,0.2999336843663513,-0.3491
145.81756197290105,90.49803374009889,0.2999345236941622,-0.3491
145.76306117376947,90.47818360405638,0.2999353628048595,-0.3491
145.71770670371635,90.46166471965402,0.2999362046505638,-0.3491
145.6815122647224,90.44848207739076,0.2999370505024643,-0.3491
145.6544914924521,90.43864064361209,0.2999378963646109,-0.3491
145.63665777814907,90.43214529564106,0.2999387447926978,-0.3491
145.6280249818134,90.42900108153006,0.2999395945772392,-0.3491
145.62860650386213,90.42921288194333,0.2999404480680425,-0.3491
145.6384160091547,90.43278567385958,0.2999413003145292,-0.3491
145.65746712554866,90.43972442078088,0.2999421550369732,-0.3491
145.68577341423912,90.45003406192959,0.2999430138373782,-0.3491
145.7233485395999,90.46371957410759,0.2999438726917418,-0.3491
145.77020602719358,90.48078588355928,0.2999447336038372,-0.3491
145.82635950186045,90.50123795268777,0.2999455957535843,-0.3491
145.89182250257187,90.52508071262119,0.2999464593025038,-0.3491
145.96660860684784,90.5523191085277,0.299947325120101,-0.3491
146.0507314357228,90.58295810142427,0.2999481912650736,-0.3491
146.14420447025913,90.61700260134752,0.2999490601199284,-0.3491
146.24704119518674,90.65445751966993,0.2999499295337386,-0.3491
146.35925508483496,90.69532776397588,0.2999507997447495,-0.3491
146.4808596147059,90.73961824227688,0.2999516732296285,-0.3491
146.61186827417777,90.78733386763837,0.29995254774947,-0.3491
146.7522944466235,90.8384795145168,0.299953421423524,-0.3491
146.90215149213353,90.89306004888883,0.2999542981270053,-0.3491
147.06145257708093,90.95108026617577,0.2999551759317711,-0.3491
147.23021120500076,91.01254508459924,0.2999560546481348,-0.3491
147.40844045071145,91.07745926623483,0.2999569348658326,-0.3491
147.59615151898834,91.14582689205598,0.2999578150520676,-0.3491
147.79334459679282,91.21764803015729,0.2999586981794095,-0.3491
148.00000200758902,91.2929162424379,0.2999595827188983,-0.3491
148.072977,91.319495,0.2999604644820977,-0.3491
148.072977,91.319495,0.2999613506288909,-0.3491
148.072977,91.319495,0.2999622366686196,-0.3491
148.072977,91.319495,0.2999631233886788,-0.3491
148.072977,91.319495,0.2999640096861071,-0.3491
148.072977,91.319495,0.2999648996971586,-0.3491
148.072977,91.319495,0.2999657897075991,-0.3491
148.072977,91.319495,0.2999666788737158,-0.3491
148.072977,91.319495,0.2999675694481283,-0.3491
148.1030740430378,91.32932488111075,0.2999684598594712,-0.3491
148.46235348379128,91.44666777701276,0.2999693527815736,-0.3491
148.83083181378615,91.56701508725145,0.2999702432043847,-0.3491
149.2084824621989,91.69035813363087,0.2999711383369714,-0.3491
149.59527865471568,91.8166881714939,0.2999720307736595,-0.3491
149.99119382437212,91.94599652390502,0.2999729241381033,-0.3491
150.3962013757692,92.07827450464184,0.2999738182397493,-0.3491
150.81027486741283,92.2135134777482,0.2999747126413155,-0.3491
151.2333877945612,92.35170478661085,0.2999756065857042,-0.3491
151.6655136593098,92.49283977684972,0.2999765022739495,-0.3491
152.10662623129525,92.63690988146524,0.2999773974588464,-0.3491
152.55669909970874,92.7839064745233,0.2999782931035497,-0.3491
153.01570597594352,92.93382097000173,0.2999791876459738,-0.3491
153.48362054613975,93.08664477363054,0.299980083142799,-0.3491
153.96041639904905,93.24236925933202,0.2999809777589064,-0.3491
154.44606668149828,93.40098565669311,0.2999818741093207,-0.3491
154.9405447482479,93.56248526321316,0.2999827689115051,-0.3491
155.44382380752944,93.72685932853426,0.2999836668427349,-0.3491
155.95587736096732,93.89409919812243,0.2999845605262408,-0.3491
156.47667873933094,94.06419616164138,0.2999854574992469,-0.3491
157.0062013603027,94.23714153714113,0.2999863505477407,-0.3491
157.54441870075604,94.41292666200391,0.2999872440958882,-0.3491
158.09130417869528,94.59154285438488,0.2999881412117418,-0.3491
158.64683139646598,94.77298149264622,0.2999890337157893,-0.3491
159.21097385932714,94.95723392344102,0.299989928667614,-0.3491
159.78370511153452,95.14429150615898,0.2999908230187884,-0.3491
160.36499862834737,95.33414557765508,0.2999917157598588,-0.3491
160.95482807351726,95.52678753634709,0.2999926085801903,-0.3491
161.5531670454676,95.72220875931616,0.2999935006039322,-0.3491
162.15998902457218,95.92040058508775,0.2999943921020431,-0.3491
162.7752676141475,96.12135439234113,0.2999952829280872,-0.3491
162.906902,96.164347,0.2999961736497241,-0.3491
162.906902,96.164347,0.2999970645757415,-0.3491
163.29543022037984,96.27220430200238,0.2999979513694555,-0.3491
164.01019543227085,96.47062656137996,0.2999988404333464,-0.3491
164.73319507368635,96.67133473798428,0.2999997287664158,-0.3491
165.46439984910575,96.87432069923798,0.3000006148237375,-0.3491
166.2037804000546,97.07957629508739,0.3000015021440916,-0.3491
166.95130723929478,97.28709333973343,0.3000023866586119,-0.3491
167.70695110224113,97.49686370918656,0.300003271642602,-0.3491
168.4706825594317,97.70887923368664,0.3000041550581329,-0.3491
169.24247196783713,97.92313168418622,0.30000503712278,-0.3491
170.02228986049863,98.13961288051584,0.3000059196336551,-0.3491
170.8101066476649,98.35831460841828,0.3000067987953514,-0.3491
171.6058927372184,98.57922865297945,0.3000076777136939,-0.3491
172.40961819709668,98.80234670491488,0.3000085569761808,-0.3491
173.22125285632498,99.02766038861692,0.3000094328343508,-0.3491
174.04076611766305,99.25516121014458,0.3000103099037403,-0.3491
174.8681273612661,99.48484066928171,0.3000111831394321,-0.3491
175.70330558112232,99.71669015861038,0.3000120566092334,-0.3491
176.5462692166248,99.95070091675433,0.3000129270709877,-0.3491
177.3969811866077,100.18686264980367,0.3000137990023006,-0.3491
177.93837975744523,100.33079153822955,0.3000146680653159,-0.3491
178.857683074606,100.54802347481655,0.3000155348128714,-0.3491
179.78443477628034,100.76701546922355,0.3000164023011749,-0.3491
180.71858327904874,100.98775533225697,0.3000172655157271,-0.3491
181.66007729042886,101.2102309434718,0.3000181284034156,-0.3491
182.60886559774437,101.43443020128129,0.3000189898750633,-0.3491
183.56489728272217,101.66034107366633,0.3000198497178346,-0.3491
184.52812151272,101.88795154884245,0.3000207078251335,-0.3491
185.4984876960986,102.11724967197434,0.3000215626624651,-0.3491
186.47594529657522,102.3482235013074,0.3000224195078473,-0.3491
187.46044394217753,102.58086113391377,0.3000232727857153,-0.3491
188.45193354033356,102.81515073288803,0.3000241223982911,-0.3491
189.45036415154797,103.05108049749686,0.3000249712729115,-0.3491
190.45568566794915,103.2886385872195,0.3000258201855601,-0.3491
191.46784857742088,103.52781330231261,0.300026665113009,-0.3491
192.62119116959974,103.79696579036376,0.3000275084720769,-0.3491
193.66797746866288,104.02599348344768,0.3000283499266416,-0.3491
194.7213699530096,104.25646655213205,0.3000291895871143,-0.3491
195.7813184595755,104.48837402117687,0.3000300277116707,-0.3491
196.84777310880384,104.72170497737106,0.3000308633854303,-0.3491
197.92068406650324,104.9564485174291,0.3000316966104464,-0.3491
199.00000177623266,105.19259379883485,0.300032528717395,-0.3491
200.08567643539132,105.43012992521452,0.3000333567955877,-0.3491
201.1776587707207,105.66904611600981,0.3000341850981769,-0.3491
202.27589934104773,105.90933155392418,0.3000350081800391,-0.3491
203.38034876067482,106.15097543379865,0.3000358312374729,-0.3491
204.49095782990315,106.39396699116914,0.3000366509553345,-0.3491
205.60767742750252,106.63829547873978,0.3000374695785055,-0.3491
206.7304585257076,106.88395016966406,0.3000382843801006,-0.3491
207.85925198272443,107.13092031214696,0.3000390985112133,-0.3491
208.99400895995024,107.37919522072906,0.3000399082597766,-0.3491
210.13468050847462,107.62876418581658,0.300040717268665,-0.3491
211.28121786112695,107.87961653757884,0.3000415233922595,-0.3491
212.433572219439,108.13174159933747,0.3000423259945037,-0.3491
213.59169470298005,108.3851286764815,0.300043126256817,-0.3491
215.05496847648124,108.69427354862977,0.3000439259517549,-0.3491
216.2367884141308,108.9393509786445,0.3000447190506108,-0.3491
217.42416106740228,109.18557989141127,0.3000455124619563,-0.3491
218.61703719720845,109.43295007607767,0.3000463019969999,-0.3491
219.8153677706476,109.6814513645486,0.300047090707217,-0.3491
221.0191034918407,109.93107353419455,0.3000478748259283,-0.3491
222.2281952869458,110.18180640843053,0.3000486544949439,-0.3491
223.44259405393157,110.43363980482579,0.3000494350350493,-0.3491
224.66225051237117,110.68656350395523,0.3000502119746429,-0.3491
225.88711545666274,110.94056730191038,0.3000509853595972,-0.3491
227.11713981926485,111.1956410234128,0.3000517560024534,-0.3491
228.35227430448126,111.45177444587091,0.3000525229001312,-0.3491
229.59246945745247,111.70895731368697,0.3000532871296926,-0.3491
230.8376761891086,111.96717944711811,0.3000540475840765,-0.3491
232.0878448414533,112.22643054844151,0.3000548072094631,-0.3491
233.3429261910891,112.48670041005843,0.3000555623393879,-0.3491
234.60287065189905,112.74797874915188,0.3000563140717744,-0.3491
235.86762852429464,113.01025525937396,0.3000570631654753,-0.3491
237.1371502636684,113.27351966651567,0.3000578091934969,-0.3491
238.4113859542872,113.53776161940655,0.3000585512423654,-0.3491
239.7052319758339,113.80595622188402,0.3000592922115501,-0.3491
240.98908409051066,114.07172986523094,0.3000600282645251,-0.3491
242.27749791263753,114.3384478397785,0.3000607621646622,-0.3491
243.57042320783006,114.60609974637306,0.3000614913859607,-0.3491
244.86780959356182,114.87467515519376,0.3000622161783042,-0.3491
246.16960668488838,115.14416363591913,0.3000629410752466,-0.3491
247.47576395880407,115.41455472964728,0.3000636595856036,-0.3491
248.78623049691026,115.68583789562501,0.3000643761300665,-0.3491
250.10095554801288,115.95800262771253,0.3000650890979308,-0.3491
251.4198879399564,116.23103833262576,0.3000657981318717,-0.3491
252.74297609495255,116.50493433310943,0.3000665027466951,-0.3491
254.07016832455824,116.7796799290014,0.3000672040387897,-0.3491
255.40141296963168,117.05526442620521,0.3000679008810252,-0.3491
256.7366579789554,117.33167704945981,0.3000685965407257,-0.3491
258.07585126002874,117.60890701495796,0.3000692877269486,-0.3491
259.4189404870339,117.88694349059288,0.3000699737844812,-0.3491
260.7658729755535,118.16577557002309,0.3000706580732775,-0.3491
262.11659605512557,118.44539234979605,0.3000713368114027,-0.3491
263.47105680994844,118.72578287567086,0.3000720113216957,-0.3491
264.82920195950993,119.00693611790686,0.3000726841892138,-0.3491
266.1909779348126,119.2888409870433,0.3000733521208474,-0.3491
267.5563313413797,119.57148642974744,0.3000740154173051,-0.3491
268.94987212721884,119.85976443784831,0.3000746752111567,-0.3491
270.3225658432169,120.14331003030865,0.3000753330232761,-0.3491
271.6986711432215,120.42756032447855,0.3000759846497374,-0.3491
273.0781320473802,120.712503757079,0.3000766316366743,-0.3491
274.4608873243901,120.99812768008383,0.3000772756119225,-0.3491
275.84687512630336,121.28441931809178,0.3000779150437331,-0.3491
277.2360335409893,121.57136588244389,0.3000785509658037,-0.3491
278.6283009523373,121.85895464562758,0.300079181783591,-0.3491
280.02361575771323,122.1471728829139,0.3000798099989623,-0.3491
281.4219162384967,122.43600784561575,0.3000804310424811,-0.3491
282.82314077771997,122.72544680604338,0.3000810505878704,-0.3491
284.22722805984233,123.01547709877036,0.300081664745246,-0.3491
285.6341163487291,123.30608597149174,0.3000822760252468,-0.3491
287.04374423838044,123.59726074009566,0.3000828817350403,-0.3491
288.45605041059486,123.88898873860607,0.3000834824104252,-0.3491
289.87097330463916,124.1812572509492,0.3000840770546347,-0.3491
291.2884514542059,124.47405358055595,0.3000846702473971,-0.3491
292.70842339244314,124.76736503074481,0.3000852585250122,-0.3491
294.1308277091469,125.06117891653554,0.3000858438377776,-0.3491
295.55560287699257,125.35548252875529,0.3000864220919617,-0.3491
296.98268729929663,125.65026314390434,0.3000869968943966,-0.3491
298.55487557068176,125.97203906871208,0.3000875654870256,-0.3491
299.9877302813368,126.26478863885109,0.3000881320414628,-0.3491
301.4226898374542,126.557968254409,0.3000886923086518,-0.3491
302.8596925356253,126.85156530863222,0.300089249671327,-0.3491
304.29867651428356,127.14556716245347,0.3000898018187889,-0.3491
305.739579630842,127.4399611193897,0.3000903474161163,-0.3491
307.18234008458984,127.7347345528072,0.3000908896670289,-0.3491
308.62689545895176,128.02987471024375,0.3000914282482512,-0.3491
310.07318359151856,128.3253688911663,0.300091959980115,-0.3491
311.5211421462035,128.62120435955745,0.3000924873023152,-0.3491
312.9707084713825,128.91736831493165,0.3000930110707784,-0.3491
314.4218200451588,129.21384798330817,0.3000935291028526,-0.3491
315.8744140259357,129.51063052538777,0.3000940430976087,-0.3491
317.3284274804957,129.80770308315195,0.3000945512717266,-0.3491
318.7837973252052,130.1050527678504,0.3000950542872758,-0.3491
320.24046029886216,130.4026666544534,0.3000955532512286,-0.3491
321.69835231271793,130.70053164885346,0.3000960479331169,-0.3491
324.76928083078536,131.2871393367149,0.3000965364859027,-0.3491
326.2391715043577,131.5525880063522,0.300097020376004,-0.3491
327.7098719255208,131.81818290892,0.3000974980031401,-0.3491
329.1813128160936,132.08391153341913,0.3000979708473466,-0.3491
330.653426680637,132.34976169079712,0.3000984399990969,-0.3491
332.1261474870149,132.61572145626056,0.3000989037218922,-0.3491
333.59941009763776,132.88177906656279,0.300099364032615,-0.3491
335.0731506460292,133.14792298800853,0.3000998179420442,-0.3491
336.54730627877944,133.4141418698529,0.3001002672690482,-0.3491
338.02181532456603,133.68042457482505,0.3001007099137531,-0.3491
339.4966172112109,133.94676016414954,0.3001011505451565,-0.3491
340.97165224075474,134.2131378569267,0.3001015854391475,-0.3491
342.4468620399277,134.47954711148347,0.3001020134612311,-0.3490619
343.9221889963523,134.74597752355703,0.3001024389315176,-0.3489763
348.6803121429189,135.51496328396652,0.3001028577215159,-0.3488364
350.1646325127072,135.7133328207536,0.3001032733861564,-0.3486082
351.64849101559696,135.91164063210422,0.3001036828405965,-0.3482956
353.13183633759195,136.10987986024432,0.3001040873141107,-0.347926
354.6146182093646,136.3080437870129,0.3001044887053083,-0.3474673
356.09678741628744,136.50612583520262,0.3001048840438578,-0.3469344
357.57829562133816,136.70411954489222,0.3001052756700204,-0.3463209
359.0590955316284,136.90201859570195,0.3001056610298143,-0.3456245
360.5391406035798,137.0998167673924,0.3001060428816053,-0.3448337
362.01838540063164,137.29750798766972,0.3001064202739201,-0.3439599
363.4967852778131,137.49508629003068,0.3001067935093431,-0.3430546
364.974296633352,137.69254584738874,0.3001071573689522,-0.3420576
371.09239650882296,138.28082440908437,0.3001075220040619,-0.3409764
372.5629554101194,138.3798709319329,0.3001078788309428,-0.3398301
374.03194716064615,138.47881190250854,0.3001082338574719,-0.3385857
375.49933494436334,138.57764484114125,0.3001085824498659,-0.3372443
376.96508305996946,138.67636734324208,0.3001089266174119,-0.3358467
378.42915653329334,138.77497705319635,0.3001092667587812,-0.3343653
379.8915213888014,138.87347168265072,0.3001096004241717,-0.3327968
381.35214425424994,138.9718489838851,0.3001099314663946,-0.3311672
382.8109925874496,139.07010676508617,0.3001102575272156,-0.3294678
384.26803475555033,139.16824289568717,0.3001105795220553,-0.3276963
392.1034072358774,139.27583384874976,0.300110896771578,-0.3258335
393.51971192018084,139.2377570551962,0.3001112099635961,-0.3238864
394.9334003895301,139.19975059755114,0.300111515952203,-0.3219441
396.34444936696826,139.16181510160644,0.3001118209378361,-0.319986
397.7528366626491,139.12395116392733,0.3001121202004455,-0.318042
399.1585401860641,139.08615937840844,0.3001124145250458,-0.3160841
400.56153957285704,139.0484402925375,0.3001127055515979,-0.3141394
401.96181692145024,139.01079438759132,0.3001129910598337,-0.3121813
403.35935572273394,138.97322210741083,0.300113275178667,-0.31024
409.7153478598982,138.56067738734455,0.300113550313263,-0.3082855
411.0521917841163,138.41867274791232,0.3001138253402544,-0.3063434
412.38573502829087,138.2770187192515,0.3001140931910342,-0.3043851
413.7159707398922,138.13571602926373,0.3001143582333583,-0.3024392
415.04289282675853,137.99476532508163,0.3001146182489478,-0.3004767
416.3664960607497,137.8541671620581,0.3001148745749447,-0.2985285
417.6867762552551,137.71392198491083,0.3001151279703435,-0.2965685
419.00372964401464,137.57403019370625,0.3001153748553093,-0.2946258
420.3173537219616,137.43449205454206,0.300115621113747,-0.2926695
421.62764615591294,137.29530781525784,0.3001158604015828,-0.2907346
422.93460576841835,137.15647760092685,0.3001160973095409,-0.2888226
428.4693068092439,136.37202565811347,0.3001163273778005,-0.2868654
429.6954555479186,136.14486438568693,0.300116557292192,-0.2849231
430.9178669319405,135.91839551069282,0.3001167802017903,-0.2829677
432.1365475265343,135.6926178168311,0.300117000122853,-0.2810287
433.35150401037913,135.46753006678261,0.3001172152554403,-0.279073
434.5627441324563,135.2431308249398,0.3001174282846364,-0.2771315
435.77027609220926,135.01941857224062,0.300117637809528,-0.2751737
436.97410848194875,134.79639171683883,0.3001178421479125,-0.2732312
438.17425095529006,134.5740484702666,0.3001180443078297,-0.2712718
439.37071323483036,134.35238703127635,0.3001182420594261,-0.2693303
440.56350595143067,134.13140543035175,0.3001184344363352,-0.2673801
441.75264036279526,133.91110158184495,0.3001186244640763,-0.2654466
446.392675469743,132.90235372925295,0.3001188108501722,-0.2634984
447.4818713603108,132.61027104289624,0.3001189935640624,-0.2615673
448.56714657854195,132.31923973813062,0.3001191709914366,-0.2596252
449.6485186877675,132.02925510511005,0.3001193481076498,-0.2576938
450.7260057275691,131.74031230627546,0.3001195205506235,-0.2557549
451.7996262289786,131.45240637227874,0.3001196877816738,-0.2538225
452.8693993371201,131.16553216909455,0.3001198544629702,-0.2518861
453.9353445116356,130.8796844783553,0.3001200141492077,-0.2499494
454.9974816537788,130.59485796326933,0.3001201729057285,-0.2480114
456.0558311033682,130.31104716943767,0.3001203272371029,-0.2460744
457.11041396156145,130.02824643829805,0.3001204788357441,-0.244143
458.1612512067661,129.7464501442053,0.3001206259219202,-0.24221
459.2083648898435,129.46565237392116,0.3001207728619448,-0.2402829
462.8118234842901,128.37386159348327,0.3001209145086037,-0.2383339
463.7378059172116,128.03947904180555,0.3001210509752212,-0.2363711
464.659931952111,127.70648907832937,0.300121185662519,-0.2344418
465.5782284381133,127.37488200753718,0.3001213181726569,-0.2324985
466.4927227559758,127.04464794193306,0.3001214478270242,-0.2305735
467.40344247676916,126.71577692529695,0.3001215715089387,-0.2286388
468.31041546921927,126.38825889392199,0.3001216937232627,-0.2267097
469.2136700843591,126.062083609935,0.300121813519155,-0.2247725
470.1132349400022,125.73724073912534,0.3001219308182214,-0.2228418
471.00913900193467,125.41371982162559,0.3001220451470843,-0.220909
471.9014116069191,125.09151026360462,0.3001221544174299,-0.2189797
472.790082321222,124.7706013883549,0.3001222629250151,-0.2170493
473.67518100764323,124.45098241208731,0.3001223676602436,-0.2151206
474.5567380703149,124.13264235553177,0.3001224695706384,-0.213197
475.4347838539043,123.81557026089153,0.3001225673626919,-0.2112684
476.3093492884418,123.49975495898875,0.3001226644561825,-0.2093443
478.10684294554096,122.78800335865402,0.3001227572671823,-0.2074132
478.864065256976,122.44759462236983,0.3001228484721565,-0.2054893
479.61781968367023,122.10874487113453,0.3001229361619764,-0.2035572
480.36813995643973,121.77143894128436,0.3001230214690267,-0.2016427
481.1150608273438,121.43566121005654,0.3001231048251398,-0.1997115
481.8586177829754,121.10139572447915,0.3001231827155166,-0.1977927
482.5988474498599,120.7686260191245,0.3001232611496505,-0.1958515
483.33578626557585,120.43733571350576,0.3001233370131402,-0.193907
484.06947134329045,120.10750812342579,0.3001234076732046,-0.1919883
484.799939635231,119.77912663703783,0.3001234772017866,-0.1900681
485.52722852469867,119.4521744487062,0.3001235452174242,-0.1881449
486.2513756612389,119.12663463310527,0.3001236110822276,-0.1862238
486.9724186530604,118.80249028349232,0.3001236731940864,-0.1842983
487.69039582172235,118.47972417243844,0.300123733434269,-0.1823793
488.4053450998367,118.15831924736567,0.3001237917867243,-0.1804503
489.1173049635455,117.83825821135251,0.3001238475620553,-0.178532
489.82631422046074,117.51952361846537,0.3001239013852057,-0.1766028
490.53241150049166,117.20209810265678,0.3001239520414387,-0.174687
491.2356359269586,116.88596407606673,0.3001240003023326,-0.1727489
491.93602671638325,116.57110390893655,0.3001240466260739,-0.1708291
492.63362327740464,116.2574998851414,0.3001240905649283,-0.1689002
493.3284652143346,115.9451342005919,0.3001241344492413,-0.1669842
493.999936,115.643275,0.3001241751693868,-0.1650555
493.999936,115.643275,0.3001242131074377,-0.1631411
494.5631750363284,115.35413216762885,0.3001242498303469,-0.161215
495.16987072025586,115.04268055095532,0.3001242847328029,-0.159302
495.77400422540984,114.73254424728358,0.3001243171508037,-0.1573689
496.37561663178275,114.42370216790248,0.3001243461951191,-0.1554387
496.9747491677736,114.1161331479152,0.3001243775120272,-0.1535116
497.5714431456031,113.80981597939453,0.3001244022575946,-0.1515938
498.1657399107004,113.50472943736543,0.3001244294925413,-0.1496508
498.75767932394535,113.20085305895694,0.300124451628605,-0.1476924
499.34730108642765,112.89816646332763,0.300124473060265,-0.1457733
499.9346448890271,112.59664927487725,0.3001244924528095,-0.1438468
500.51975046963696,112.29628109387095,0.3001245101579997,-0.1419316
501.1026577956223,111.9970414027729,0.3001245289921428,-0.1400071
501.68340699288706,111.69890960266005,0.3001245446719878,-0.1380985
502.2620382640385,111.40186505523333,0.3001245577106033,-0.1361752
502.83859168795885,111.10588718570867,0.3001245689046072,-0.1342564
503.41310786588843,110.81095515114573,0.3001245805092054,-0.1323359
503.98562706919853,110.51704827794488,0.3001245867474154,-0.1304005
504.55619001237744,110.22414566502908,0.3001245973377706,-0.1285143
505.1248372808675,109.93222647756805,0.3001246031452922,-0.1266707
505.6916097842604,109.64126971432702,0.3001246076065484,-0.1248926
506.25654822509034,109.35125448036574,0.3001246099398571,-0.1232016
506.8196936254822,109.06215971667976,0.3001246117976706,-0.1215585
507.3810869614324,108.77396438794497,0.3001246132840975,-0.1199983
507.833903,108.541508,0.3001246101564732,-0.1185227
507.833903,108.541508,0.3001246094884067,-0.1171307
507.833903,108.541508,0.3001246070981409,-0.1158241
507.833903,108.541508,0.3001246028741349,-0.1145635
507.833903,108.541508,0.3001245983092104,-0.1133716
507.833903,108.541508,0.3001245915539385,-0.1122732
507.833903,108.541508,0.3001245825490599,-0.111248
507.9001360022873,108.5009007212963,0.3001245751185166,-0.1102932
508.33512127776083,108.23421239820706,0.3001245651401802,-0.1094022
508.76878497114035,107.96833433360786,0.3001245541880308,-0.1085863
509.20116824194946,107.70324129270344,0.3001245428661718,-0.1078426
509.63231256711254,107.43890784610115,0.300124530171729,-0.1072029
510.062259420529,107.17530856626274,0.3001245170470952,-0.1066292
510.4910501904662,106.91241807815095,0.3001245036979725,-0.1061221
510.91872640624774,106.65021092024713,0.3001244876805202,-0.1057101
511.34532954193895,106.38866166491144,0.3001244744211107,-0.1053745
511.77090125673556,106.12774477100105,0.3001244567612815,-0.1051066
512.1954830495298,105.86743479565477,0.3001244388213848,-0.104909
512.619115819582,105.60770666364414,0.3001244211158109,-0.1047906
513.0418403541997,105.34853536837872,0.3001244010951609,-0.1047231
513.4636972745174,105.08989600514828,0.3001243822796482,-0.1047
513.8847273816804,104.83176355887836,0.3001243635027748,-0.1047
514.3049712305793,104.57411316547271,0.300124340966363,-0.1047
514.7244698160918,104.31691969108023,0.3001243214110047,-0.1047
515.1432636782621,104.06015828070674,0.3001242995716211,-0.1047
515.5613937909344,103.80380381339684,0.3001242769409771,-0.1047
515.9789009145361,103.54783129904,0.3001242542933369,-0.1047
516.3958258634924,103.29221571442012,0.3001242321020498,-0.1047
516.8122095390403,103.03693198309682,0.300124209159776,-0.1047
517.228092933996,102.78195497248272,0.3001241852235665,-0.1047
517.6435167824912,102.52725970858933,0.3001241582721263,-0.1047
518.0585221527211,102.27282101261476,0.3001241364700746,-0.1047
518.4731488759028,102.01861446414499,0.3001241103021357,-0.1047
518.8874327505998,101.76461811517528,0.3001240862451055,-0.1047
519.3013981003371,101.51081705301677,0.3001240601600301,-0.1047
519.7150590977405,101.25720258847001,0.3001240371504963,-0.1047
520.128427716303,101.0037673806182,0.3001240104519382,-0.1047
520.5415160324601,100.75050402543046,0.3001239838273335,-0.1047
520.543245,100.749444,0.3001239582684007,-0.1047
520.543245,100.749444,0.3001239321782236,-0.1047
520.543245,100.749444,0.3001239054510591,-0.1047
520.543245,100.749444,0.3001238798550503,-0.1047
520.543245,100.749444,0.3001238524077081,-0.1047
520.543245,100.749444,0.3001238251147526,-0.1047
520.543245,100.749444,0.3001237986085669,-0.1047
520.543245,100.749444,0.300123770745472,-0.1047
520.543245,100.749444,0.3001237442042708,-0.1047
520.543245,100.749444,0.3001237158051992,-0.1047
520.543245,100.749444,0.3001236886648115,-0.1047
520.543245,100.749444,0.3001236605311845,-0.1047
520.543245,100.749444,0.3001236340442119,-0.1047
520.543245,100.749444,0.3001236064007315,-0.1047
520.543245,100.749444,0.3001235771856017,-0.1047
520.543245,100.749444,0.3001235499234411,-0.1047
520.543245,100.749444,0.3001235209138997,-0.1047
520.543245,100.749444,0.3001234925473142,-0.1047
520.543245,100.749444,0.3001234653672782,-0.1047
520.543245,100.749444,0.3001234374937382,-0.1047
520.543245,100.749444,0.3001234094536187,-0.1047
520.543245,100.749444,0.3001233816966788,-0.1047
520.6282170688859,100.68720156656465,0.3001233524293809,-0.1047
520.9207950176639,100.47288686597855,0.3001233247354236,-0.1047
521.213387481414,100.25856153310824,0.3001232966442302,-0.1047
521.5059956153976,100.04422472171939,0.300123268564505,-0.1047
521.7986202594569,99.82987581662381,0.3001232409899188,-0.1047
522.0912622471468,99.61551420723856,0.3001232125741779,-0.1047
522.3839221271646,99.40113949164032,0.3001231838031799,-0.1047
522.6766009142228,99.18675092654762,0.3001231576802752,-0.1047
522.9692991383458,98.97234812371505,0.3001231283248984,-0.1047
523.262017715878,98.75793041191622,0.3001231002936464,-0.1047
523.5547573550643,98.54349727235812,0.3001230713591383,-0.1047
523.8475187811831,98.3290481737714,0.3001230447540024,-0.1047
524.140302829518,98.11458250430671,0.3001230186264081,-0.1047
524.4331101609572,97.90009977986041,0.3001229868121129,-0.1047
524.7259416757568,97.68559934099082,0.3001229602967044,-0.1047
525.0187979680331,97.47108075250492,0.3001229335003472,-0.1047
525.3116798939227,97.25654338727874,0.3001229052218406,-0.1047
525.6045881601885,97.04198672760518,0.3001228785902015,-0.1047
525.897523598905,96.82741016398579,0.3001228485941283,-0.1047
526.1904869396893,96.61281316197268,0.3001228209705999,-0.1047
526.4834789071006,96.39819519082297,0.3001227942803268,-0.1047
526.7765003345518,96.18355564005776,0.3001227659673446,-0.1047
527.0695519295675,95.96889399141203,0.3001227381536324,-0.1047
527.3626343683184,95.75420974958763,0.3001227097812773,-0.1047
527.6557486030629,95.53950221705088,0.3001226819109348,-0.1047
527.9488952448479,95.32477094620702,0.3001226533300354,-0.1047
528.2420750619722,95.11001537427383,0.3001226270800998,-0.1047
528.535288877357,94.89523489845749,0.30012260019042,-0.1047
528.8285374494278,94.68042896320786,0.3001225725368073,-0.1047
529.1218214669619,94.4655970639925,0.3001225437915309,-0.1047
529.4151417181777,94.2507386234378,0.3001225172836967,-0.1047
529.7084990418127,94.03585302716445,0.3001224885485527,-0.1047
530.0018940966085,93.82093979264141,0.3001224621255005,-0.1047
530.295327718888,93.60599830725815,0.3001224343711897,-0.1047
530.5888005216357,93.39102812200072,0.3001224066778434,-0.1047
530.8823134527225,93.17602854254933,0.3001223791306415,-0.1047
531.1758671713915,92.96099908600539,0.3001223520783327,-0.1047
531.4694624022176,92.74593922161438,0.3001223249628424,-0.1047
531.7630999821089,92.53084833633721,0.3001222959574932,-0.1047
531.942186,92.399667,0.3001222690592158,-0.1047
531.942186,92.399667,0.3001222434093193,-0.1047
531.942186,92.399667,0.3001222144683879,-0.1047
531.942186,92.399667,0.3001221877022288,-0.1047
531.942186,92.399667,0.3001221621110517,-0.1047
531.942186,92.399667,0.3001221328789398,-0.1047
531.942186,92.399667,0.3001221065616448,-0.1047
531.942186,92.399667,0.3001220794289594,-0.1047
531.942186,92.399667,0.3001220530808552,-0.1047
531.942186,92.399667,0.3001220259716461,-0.1047
531.942186,92.399667,0.3001219990703845,-0.1047
531.942186,92.399667,0.3001219724170028,-0.1047
531.942186,92.399667,0.3001219434503639,-0.1047
531.942186,92.399667,0.3001219174606007,-0.1047
531.942186,92.399667,0.3001218922334772,-0.1047
531.942186,92.399667,0.3001218638125067,-0.1047
531.942186,92.399667,0.3001218380896944,-0.1047
531.942186,92.399667,0.3001218108965133,-0.1047
531.942186,92.399667,0.3001217837334451,-0.1047
531.942186,92.399667,0.300121758326199,-0.1047
531.942186,92.399667,0.3001217322257901,-0.1047
531.942186,92.399667,0.3001217044614748,-0.1047
531.942186,92.399667,0.3001216790218137,-0.1047
531.942186,92.399667,0.3001216516753686,-0.1047
531.942186,92.399667,0.300121625487094,-0.1047
531.942186,92.399667,0.3001215999838678,-0.1047
531.942186,92.399667,0.3001215737643861,-0.1047
531.942186,92.399667,0.3001215464838367,-0.1047
531.942186,92.399667,0.3001215205063374,-0.1047
532.0029730520015,92.3507157100585,0.3001214945106483,-0.1047
532.2360055215865,92.16305666740307,0.3001214701226615,-0.1047
532.4691023285925,91.97534581437625,0.300121443703091,-0.1047
532.7022641832502,91.78758257903507,0.3001214174204278,-0.1047
532.9354917753749,91.59976640587749,0.3001213911351783,-0.1047
533.1687858267592,91.41189671364992,0.3001213658956203,-0.1047
533.4021469674099,91.22397299501338,0.3001213388204178,-0.1047
533.6355759787759,91.03599462067375,0.3001213142089511,-0.1047
533.8690735521285,90.8479610339563,0.3001212876266663,-0.1047
534.1026403339858,90.6598717142254,0.3001212635215893,-0.1047
534.3362771406436,90.47172600412537,0.3001212376280193,-0.1047
534.5699845671129,90.28352342449868,0.3001212117765703,-0.1047
534.8037633200418,90.09526340628778,0.3001211855055885,-0.1047
535.0376142149795,89.90694529273793,0.3001211603107663,-0.1047
535.2715378356345,89.71856861379375,0.3001211346750665,-0.1047
535.5055350099108,89.53013270275119,0.3001211090502806,-0.1047
535.7396063722746,89.34163704868011,0.3001210855220506,-0.1047
535.9737525281623,89.15308116402772,0.3001210590563516,-0.1047
536.2079743454611,88.96446434989203,0.3001210344898481,-0.1047
536.4422724541556,88.77578609895185,0.3001210084104286,-0.1047
536.676646320115,88.58704684133814,0.3001209846187862,-0.1047
536.9110910872961,88.39825048758055,0.3001209597127854,-0.1047
537.1455973209705,88.20940463538489,0.3001209352903515,-0.1047
537.3801547116225,88.02051758691525,0.3001209096789239,-0.1047
537.614752636181,87.8315978968395,0.3001208853193589,-0.1047
537.8493808545095,87.64265381145145,0.300120860097337,-0.1047
538.0840288650279,87.45369378758322,0.30012083546805,-0.1047
538.3186861864874,87.26472626569416,0.3001208104439854,-0.1047
538.5533423753857,87.07575965584698,0.300120785078974,-0.1047
538.7879871243172,86.88680225850655,0.3001207621206276,-0.1047
539.022609815682,86.69786262393472,0.3001207348939942,-0.1047
539.2572001569866,86.50894904058816,0.300120711944146,-0.1047
539.4917477381666,86.32006989160197,0.3001206881419875,-0.1047
539.7262420437119,86.13123364502601,0.3001206606229516,-0.1047
539.9606726791723,85.94244867142152,0.3001206378579013,-0.1047
540.1950292237048,85.75372336260388,0.3001206119870971,-0.1047
540.429301114063,85.56506622506419,0.3001205870471608,-0.1047
540.6634781633973,85.37648546218527,0.3001205612847286,-0.1047
540.8975497434631,85.1879896328006,0.3001205369053821,-0.1047
541.1315054006136,84.9995871551422,0.3001205114036338,-0.1047
541.3653348856822,84.81128628277577,0.3001204853193542,-0.1047
541.5990276211372,84.62309553369644,0.3001204610114882,-0.1047
541.8325732112038,84.43502327953233,0.3001204343177051,-0.1047
542.0659611917251,84.24707794697886,0.3001204085990139,-0.1047
542.2991811408143,84.05926792869202,0.3001203831891246,-0.1047
542.5322226657763,83.87160159381946,0.30012035773251,-0.1047
542.7650752365455,83.68408742213256,0.3001203300637769,-0.1047
542.9977285077038,83.49673374470748,0.300120304302709,-0.1047
543.230172000388,83.30954900008247,0.300120278268281,-0.1047
543.462395198524,83.12254165676178,0.3001202521936079,-0.1047
543.6943877549187,82.93572004725073,0.300120224994032,-0.1047
543.9261392379168,82.74909257207177,0.3001201980823964,-0.1047
544.1576391961376,82.56266764763167,0.3001201708901249,-0.1047
544.3888770983323,82.37645375465459,0.3001201442949366,-0.1047
544.581309,82.22149,0.3001201154808086,-0.1047
544.581309,82.22149,0.3001200875697236,-0.1047
544.581309,82.22149,0.3001200595030298,-0.1047
544.581309,82.22149,0.3001200302711027,-0.1047
544.581309,82.22149,0.3001200033653219,-0.1047
544.581309,82.22149,0.3001199729079928,-0.1047
544.581309,82.22149,0.3001199438011497,-0.1047
544.581309,82.22149,0.3001199155416998,-0.1047
544.581309,82.22149,0.3001198852029176,-0.1047
544.581309,82.22149,0.3001198545591421,-0.1047
544.581309,82.22149,0.3001198235821221,-0.1047
544.581309,82.22149,0.3001197944250577,-0.1047
544.581309,82.22149,0.3001197625270038,-0.1047
544.581309,82.22149,0.3001197319491666,-0.1047
544.581309,82.22149,0.3001196990314554,-0.1047
544.581309,82.22149,0.3001196675094206,-0.1047
544.581309,82.22149,0.3001196353942248,-0.1047
544.581309,82.22149,0.3001196015546838,-0.1047
544.581309,82.22149,0.3001195682314517,-0.1047
544.581309,82.22149,0.3001195330630821,-0.1047
544.581309,82.22149,0.3001194967783078,-0.1047
544.581309,82.22149,0.3001194629704855,-0.1047
544.581309,82.22149,0.3001194253141364,-0.1047
544.581309,82.22149,0.3001193873323586,-0.1047
544.581309,82.22149,0.3001193490999867,-0.1047
544.581309,82.22149,0.300119311903984,-0.1047
544.581309,82.22149,0.3001192712813747,-0.1047
544.581309,82.22149,0.3001192314807497,-0.1047
544.581309,82.22149,0.3001191911014018,-0.1047
544.581309,82.22149,0.30011914745225,-0.1047
544.581309,82.22149,0.3001191043036897,-0.1047
544.581309,82.22149,0.3001190611906281,-0.1047
544.581309,82.22149,0.3001190161189981,-0.1047
544.581309,82.22149,0.3001189697938855,-0.1047
544.581309,82.22149,0.300118923081385,-0.1047
544.581309,82.22149,0.3001188754404893,-0.1047
544.581309,82.22149,0.3001188241425723,-0.1047
544.581309,82.22149,0.3001187722468614,-0.1047
544.581309,82.22149,0.3001187218580412,-0.1047
544.581309,82.22149,0.3001186697315461,-0.1047
544.581309,82.22149,0.3001186145624785,-0.1047
544.581309,82.22149,0.3001185589373847,-0.1047
544.581309,82.22149,0.3001185018740386,-0.1047
544.581309,82.22149,0.3001184444360092,-0.1047
544.581309,82.22149,0.3001183847543132,-0.1047
544.581309,82.22149,0.3001183233141375,-0.1047
544.581309,82.22149,0.3001182615500681,-0.1047
544.581309,82.22149,0.3001181974451583,-0.1047
544.581309,82.22149,0.3001181311906293,-0.1047
544.581309,82.22149,0.3001180648722084,-0.1047
544.581309,82.22149,0.30011799659502,-0.1047
544.581309,82.22149,0.3001179257419153,-0.1047003
544.581309,82.22149,0.3001178546081178,-0.1047083
544.581309,82.22149,0.3001177815499716,-0.104773
544.581309,82.22149,0.3001177054925961,-0.10493
544.581309,82.22149,0.300117630101596,-0.1051428
544.581309,82.22149,0.3001175508133258,-0.1054444
544.581309,82.22149,0.3001174713787122,-0.1058347
544.581309,82.22149,0.3001173889652477,-0.106286
544.581309,82.22149,0.3001173056683228,-0.1068366
544.581309,82.22149,0.300117219209028,-0.107486
544.581309,82.22149,0.3001171321535878,-0.1082299
544.581309,82.22149,0.300117042489461,-0.1090346
544.581309,82.22149,0.3001169501637264,-0.1099132
544.581309,82.22149,0.3001168569570041,-0.1109342
544.581309,82.22149,0.3001167602523082,-0.1120388
544.581309,82.22149,0.3001166627427949,-0.1131887
544.581309,82.22149,0.3001165623317376,-0.1144279
544.581309,82.22149,0.3001164609140119,-0.1157253
544.581309,82.22149,0.3001163556653807,-0.1171266
544.581309,82.22149,0.3001162509350479,-0.118657
544.581309,82.22149,0.3001161419128948,-0.1202359
544.581309,82.22149,0.3001160321552731,-0.1218746
544.581309,82.22149,0.3001159178535886,-0.1236144
544.581309,82.22149,0.300115803338457,-0.1254528
544.581309,82.22149,0.3001156856939815,-0.1273861
544.581309,82.22149,0.3001155657526624,-0.1293936
544.581309,82.22149,0.3001154433484601,-0.1314765
544.581309,82.22149,0.3001153188486398,-0.1336294
544.581309,82.22149,0.3001151893037104,-0.1357733
544.581309,82.22149,0.300115060698829,-0.1379173
544.581309,82.22149,0.3001149269570078,-0.1400924
544.581309,82.22149,0.3001147929978458,-0.1422547
544.581309,82.22149,0.3001146531789516,-0.1443751
544.581309,82.22149,0.3001145154640028,-0.1465058
544.581309,82.22149,0.3001143715225964,-0.1486834
544.581309,82.22149,0.3001142247420318,-0.150857
544.581309,82.22149,0.3001140767314041,-0.1530277
544.581309,82.22149,0.3001139250217761,-0.1551728
544.581309,82.22149,0.3001137719730309,-0.1573184
544.581309,82.22149,0.3001136145971088,-0.159479
544.581309,82.22149,0.3001134550382289,-0.16164
544.581309,82.22149,0.3001132918562348,-0.1638159
544.581309,82.22149,0.3001131265397134,-0.165976
544.581309,82.22149,0.3001129582795556,-0.1681366
544.581309,82.22149,0.3001127858626944,-0.1702881
544.581309,82.22149,0.3001126134313949,-0.1724362
544.581309,82.22149,0.3001124349679855,-0.1746119
544.581309,82.22149,0.3001122547559589,-0.176784
544.581309,82.22149,0.3001120699353805,-0.1789234
544.581309,82.22149,0.3001118838215291,-0.1810688
544.581309,82.22149,0.3001116945762021,-0.1832515
544.581309,82.22149,0.3001114998005505,-0.185433
544.581309,82.22149,0.3001113034717662,-0.1876118
544.581309,82.22149,0.3001111031136929,-0.1897627
544.581309,82.22149,0.3001109024613981,-0.1919167
544.581309,82.22149,0.3001106967084297,-0.1940902
544.581309,82.22149,0.3001104862649697,-0.1962599
544.581309,82.22149,0.3001102741575039,-0.1984256
544.581309,82.22149,0.3001100590966814,-0.2005937
544.581309,82.22149,0.3001098386983756,-0.2027659
544.581309,82.22149,0.3001096153008404,-0.2049368
544.581309,82.22149,0.3001093881267422,-0.2071214
544.581309,82.22149,0.3001091574896009,-0.2092996
544.581309,82.22149,0.3001089252745998,-0.211473
544.581309,82.22149,0.300108689724027,-0.2136226
544.581309,82.22149,0.3001084487049184,-0.2157787
544.581309,82.22149,0.3001082026195831,-0.2179699
544.581309,82.22149,0.3001079559569746,-0.2201583
544.581309,82.22149,0.3001077043500686,-0.2223334
544.581309,82.22149,0.3001074471114577,-0.224482
544.581309,82.22149,0.3001071905332537,-0.2266392
544.581309,82.22149,0.3001069267013747,-0.228815
544.581309,82.22149,0.300106661106895,-0.2309891
544.581309,82.22149,0.3001063914521182,-0.233172
544.581309,82.22149,0.3001061171903245,-0.2353427
544.581309,82.22149,0.300105838290591,-0.2375133
544.581309,82.22149,0.300105556558492,-0.2396736
544.581309,82.22149,0.3001052710470446,-0.2418412
544.581309,82.22149,0.3001049800192845,-0.2440357
544.581309,82.22149,0.3001046872103075,-0.2462257
544.581309,82.22149,0.3001043922132851,-0.2484127
544.581309,82.22149,0.3001040882374184,-0.2505948
544.581309,82.22149,0.3001037834658859,-0.2527546
544.581309,82.22149,0.3001034749636346,-0.2549155
544.581309,82.22149,0.3001031592692982,-0.2570939
544.581309,82.22149,0.3001028407030617,-0.2592768
544.581309,82.22149,0.3001025192459678,-0.2614639
544.581309,82.22149,0.3001021926085059,-0.2636381
544.581309,82.22149,0.3001018646828299,-0.2658117
544.581309,82.22149,0.3001015284645518,-0.2679801
544.581309,82.22149,0.3001011895862007,-0.270158
544.581309,82.22149,0.3001008465155905,-0.272355
544.581309,82.22149,0.3001004983724442,-0.2745502
544.581309,82.22149,0.3001001474803786,-0.2767435
544.581309,82.22149,0.3000997917308439,-0.2789237
544.581309,82.22149,0.3000994312777436,-0.2810833
544.581309,82.22149,0.3000990665414065,-0.2832554
544.581309,82.22149,0.3000986965974732,-0.2854441
544.581309,82.22149,0.3000983243968846,-0.2876333
544.581309,82.22149,0.3000979442399796,-0.2898202
544.581309,82.22149,0.300097562416056,-0.2919957
544.581309,82.22149,0.3000971767532689,-0.2941726
544.581309,82.22149,0.3000967840619069,-0.296349
544.581309,82.22149,0.3000963868727524,-0.2985339
544.581309,82.22149,0.3000959859275838,-0.3007289
544.581309,82.22149,0.3000955815851682,-0.3029172
544.581309,82.22149,0.3000951710051254,-0.3050906
544.581309,82.22149,0.3000947572843415,-0.3072492
544.581309,82.22149,0.3000943379296643,-0.3094301
544.581309,82.22149,0.3000939138251226,-0.3116334
544.581309,82.22149,0.3000934851838508,-0.3138344
544.581309,82.22149,0.3000930525741125,-0.3160232
544.581309,82.22149,0.3000926158261734,-0.3181989
544.581309,82.22149,0.3000921733027155,-0.3203765
544.581309,82.22149,0.3000917267380032,-0.322533
544.581309,82.22149,0.3000912750222539,-0.3246331
544.581309,82.22149,0.3000908185062485,-0.3266617
544.581309,82.22149,0.3000903583244394,-0.3286131
544.581309,82.22149,0.3000898918974144,-0.3304555
544.581309,82.22149,0.3000894232924622,-0.332183
544.581309,82.22149,0.3000889485601021,-0.333842
544.581309,82.22149,0.3000884676436044,-0.3354419
544.581309,82.22149,0.3000879842239499,-0.3369591
544.581309,82.22149,0.3000874955122583,-0.3383746
544.581309,82.22149,0.300087001287693,-0.3396916
544.581309,82.22149,0.3000865030515456,-0.3409183
544.581309,82.22149,0.3000860009702819,-0.3420666
544.581309,82.22149,0.3000854934032588,-0.3431316
544.581309,82.22149,0.300084980984451,-0.3441061
544.581309,82.22149,0.3000844647791894,-0.3449929
544.581309,82.22149,0.3000839424355206,-0.3457917
544.4441291401134,82.3319597608181,0.3000834173554381,-0.3464984
543.9846460015871,82.70197757870287,0.3000828858451996,-0.3471129
543.5183070132374,83.07751635345994,0.3000823497516762,-0.3476489
543.0451317286165,83.4585603387821,0.3000818120284521,-0.3480982
542.5651397613526,83.84509373998331,0.3000812663042325,-0.348457
542.0783506401001,84.23710083080617,0.3000807169664199,-0.3487372
541.5847844285521,84.63456545413128,0.3000801635216703,-0.3489315
541.0844609960795,85.03747160932524,0.3000796027184833,-0.3490401
540.5774000909985,85.44580339323892,0.3000790417599432,-0.3490882
540.0636218254883,85.8595446097075,0.3000784746538443,-0.3491
539.5431459107941,86.27867938543476,0.30007790476634,-0.3491
539.0159923995085,86.70319157224053,0.3000773273863046,-0.3491
538.4821811963737,87.13306514100695,0.3000767483276831,-0.3491
537.941732206073,87.56828406266412,0.3000761630879651,-0.3491
537.3946653760626,88.00883227369708,0.300075574103289,-0.3491
536.8410008165969,88.45469357949092,0.3000749822122088,-0.3491
536.2807584589514,88.90585192956101,0.3000743837108643,-0.3491
535.7139582461726,89.36229126394353,0.3000737811948397,-0.3491
535.1406203773001,89.82399531652598,0.3000731754615913,-0.3491
534.5607649914534,90.29094786944844,0.3000725650120444,-0.3491
533.9744121157238,90.76313279506672,0.3000719513707963,-0.3491
533.3815819770246,91.24053380482147,0.300071331817378,-0.3491
532.7822948700671,91.72313455555648,0.3000707102013962,-0.3491
532.1765709478195,92.21091881825959,0.300070083235596,-0.3491
531.942186,92.399667,0.300069451474144,-0.3491
531.942186,92.399667,0.3000688162421738,-0.3491
531.942186,92.399667,0.300068177306116,-0.3491
531.942186,92.399667,0.300067535388564,-0.3491
531.942186,92.399667,0.300066888974186,-0.3491
531.942186,92.399667,0.3000662363025412,-0.3491
531.942186,92.399667,0.3000655817352253,-0.3491
531.942186,92.399667,0.3000649237881703,-0.3491
531.942186,92.399667,0.3000642592166969,-0.3491
531.942186,92.399667,0.3000635932567661,-0.3491
531.942186,92.399667,0.3000629211903174,-0.3491
531.942186,92.399667,0.3000622457936401,-0.3491
531.942186,92.399667,0.300061569659249,-0.3491
531.942186,92.399667,0.3000608869966186,-0.3491
531.942186,92.399667,0.3000601998598995,-0.3491
531.942186,92.399667,0.3000595110182189,-0.3491
531.942186,92.399667,0.3000588174922995,-0.3491
531.942186,92.399667,0.3000581213032092,-0.3491
531.942186,92.399667,0.3000574189289864,-0.3491
531.942186,92.399667,0.3000567149504149,-0.3491
531.942186,92.399667,0.3000560064067485,-0.3491
531.942186,92.399667,0.3000552960061782,-0.3491
531.942186,92.399667,0.3000545797870018,-0.3491
531.942186,92.399667,0.3000538616282142,-0.3491
531.942186,92.399667,0.3000531397574377,-0.3491
531.942186,92.399667,0.3000524141514802,-0.3491
531.942186,92.399667,0.3000516856614013,-0.3491
531.942186,92.399667,0.3000509514023406,-0.3491
531.942186,92.399667,0.300050215686781,-0.3491
531.942186,92.399667,0.3000494776153459,-0.3491
531.942186,92.399667,0.3000487345958049,-0.3491
531.942186,92.399667,0.3000479895270587,-0.3491
531.9140440187031,92.42028113145022,0.3000472406010317,-0.3491
531.114733992036,93.00577942261026,0.3000464874148747,-0.3491
530.309385391451,93.59570099709227,0.3000457307580859,-0.3491
529.4980248279115,94.19002636224226,0.3000449712471891,-0.3491
528.680679001957,94.78873595979185,0.3000442099628913,-0.3491
527.857374905824,95.39181001780275,0.3000434448226201,-0.3491
527.0281398806569,95.99922850876037,0.3000426757336072,-0.3491
526.1930007289623,96.6109717997046,0.3000419048431695,-0.3491
525.3519832957761,97.22702095902709,0.3000411302789985,-0.3491
524.50512445968,97.84734897299627,0.300040354378325,-0.3491
523.6524709158788,98.4719216371587,0.300039573477477,-0.3491
522.7940712274132,99.10070337886238,0.3000387893541756,-0.3491
521.9299736194955,99.73365887291624,0.3000380034721956,-0.3491
521.0602261292366,100.37075293191444,0.3000372148132442,-0.3491
520.543245,100.749444,0.3000364230850891,-0.3491
520.543245,100.749444,0.3000356285506314,-0.3491
520.543245,100.749444,0.3000348308851244,-0.3491
520.543245,100.749444,0.3000340302776294,-0.3491
520.543245,100.749444,0.3000332281279725,-0.3491
520.543245,100.749444,0.3000324219534604,-0.3491
520.543245,100.749444,0.3000316147680451,-0.3491
520.543245,100.749444,0.300030803312552,-0.3491
520.543245,100.749444,0.3000299900965615,-0.3491
520.543245,100.749444,0.3000291753959345,-0.3491
520.543245,100.749444,0.3000283586747514,-0.3491
520.543245,100.749444,0.3000275366003393,-0.3491
520.543245,100.749444,0.3000267150617901,-0.3491
520.543245,100.749444,0.3000258891289036,-0.3491
520.543245,100.749444,0.3000250620215752,-0.3491
520.543245,100.749444,0.3000242341910279,-0.3491
520.543245,100.749444,0.3000234013614431,-0.3491
520.543245,100.749444,0.3000225667093446,-0.3491
520.543245,100.749444,0.3000217309294726,-0.3491
520.543245,100.749444,0.3000208938416335,-0.3491
520.543245,100.749444,0.3000200529825747,-0.3491
520.543245,100.749444,0.3000192115281948,-0.3491
520.543245,100.749444,0.3000183675993639,-0.3491
520.543245,100.749444,0.300017521869961,-0.3491
520.543245,100.749444,0.3000166739008705,-0.3491
520.543245,100.749444,0.30001582461108,-0.3491
520.543245,100.749444,0.3000149713447513,-0.3491
520.543245,100.749444,0.3000141192235332,-0.3491
520.543245,100.749444,0.3000132633079033,-0.3491
520.543245,100.749444,0.3000124071742789,-0.3491
520.543245,100.749444,0.3000115490145276,-0.3491
520.543245,100.749444,0.3000106874276866,-0.3491
520.543245,100.749444,0.300009826987889,-0.3491
520.543245,100.749444,0.3000089639656949,-0.3491
520.543245,100.749444,0.3000080984131728,-0.3491
520.543245,100.749444,0.3000072324704774,-0.3491
520.543245,100.749444,0.3000063651589357,-0.3491
520.543245,100.749444,0.3000054958833402,-0.3491
520.543245,100.749444,0.3000046244082455,-0.3491
520.543245,100.749444,0.3000037529737938,-0.3491
520.543245,100.749444,0.3000028784882715,-0.3491
520.543245,100.749444,0.3000020049839804,-0.3491
520.543245,100.749444,0.3000011279316368,-0.3491
520.543245,100.749444,0.3000002527379592,-0.3491
520.543245,100.749444,0.2999993744035123,-0.3491
520.543245,100.749444,0.2999984954279284,-0.3491
520.543245,100.749444,0.2999976144150196,-0.3491
520.5135603465163,100.767643582619,0.2999967332891629,-0.3491
519.4105124984351,101.44391930384133,0.2999958498320438,-0.3491
518.3032798068873,102.12276074153596,0.299994967947498,-0.3491
517.1919071924635,102.80414035500749,0.2999940832597758,-0.3491
516.0764395908758,103.48803059428958,0.2999931972219087,-0.3491
514.9569219214608,104.1744039194557,0.2999923117705521,-0.3491
513.8333993745343,104.86323262444242,0.2999914244143156,-0.3491
512.7059170746296,105.55448904351788,0.2999905369450175,-0.3491
511.5745204004762,106.2481453551027,0.2999896496602332,-0.3491
510.439254680596,106.94417376839999,0.2999887605961362,-0.3491
509.30016555969996,107.64254629875802,0.2999878701913303,-0.3491
508.1572985899246,108.34323501828227,0.2999869790841103,-0.3491
507.833903,108.541508,0.2999860894345261,-0.3491
507.833903,108.541508,0.2999851948136438,-0.3491
507.833903,108.541508,0.2999843042996417,-0.3491
507.833903,108.541508,0.2999834117942441,-0.3491
507.833903,108.541508,0.2999825187362148,-0.3491
507.833903,108.541508,0.2999816242387396,-0.3491
507.833903,108.541508,0.2999807315840712,-0.3491
507.833903,108.541508,0.2999798379304366,-0.3491
507.833903,108.541508,0.299978944566476,-0.3491
507.833903,108.541508,0.2999780485892529,-0.3491
507.833903,108.541508,0.299977151713108,-0.3491
507.833903,108.541508,0.2999762577873071,-0.3491
507.833903,108.541508,0.2999753628883468,-0.3491
507.833903,108.541508,0.2999744657208794,-0.3491
507.833903,108.541508,0.2999735712236884,-0.3491
507.833903,108.541508,0.2999726756058862,-0.3491
507.833903,108.541508,0.299971779965972,-0.3491
507.833903,108.541508,0.29997088476631,-0.3491
507.833903,108.541508,0.2999699875787769,-0.3491
507.833903,108.541508,0.2999690946340365,-0.3491
507.833903,108.541508,0.2999682002543977,-0.3491
507.833903,108.541508,0.2999673039355457,-0.3491
507.833903,108.541508,0.2999664098176708,-0.3491
507.833903,108.541508,0.299965515776023,-0.3491
507.833903,108.541508,0.2999646211108029,-0.3491
507.833903,108.541508,0.2999637275867144,-0.3491
507.833903,108.541508,0.2999628327385721,-0.3491
507.833903,108.541508,0.2999619428041455,-0.3491
507.833903,108.541508,0.2999610486078268,-0.3491
507.833903,108.541508,0.2999601565187504,-0.3491
507.833903,108.541508,0.299959265891573,-0.3491
507.833903,108.541508,0.2999583765490001,-0.3491
507.833903,108.541508,0.2999574852742057,-0.3491
507.833903,108.541508,0.2999565971684319,-0.3491
507.833903,108.541508,0.299955707129186,-0.3491
507.833903,108.541508,0.2999548204907682,-0.3491
507.833903,108.541508,0.2999539327032607,-0.3491
507.833903,108.541508,0.2999530470116838,-0.3491
507.833903,108.541508,0.2999521614610216,-0.3491
507.4798764191889,108.72325010540818,0.2999512763564667,-0.3491
506.19452530971466,109.38309439249353,0.2999503929993352,-0.3491
504.9068993174705,110.04410650709968,0.2999495097072326,-0.3491
503.6170538786333,110.70625799066435,0.2999486306118228,-0.3491
502.32504403269456,111.36952058826652,0.2999477478512062,-0.3491
501.03092490037466,112.03386600328584,0.2999468684130875,-0.3491
499.734751521248,112.6992659807587,0.2999459900490819,-0.3491
498.4365787740939,113.36569234826688,0.2999451120989533,-0.3491
497.13646133819526,114.03311703580513,0.2999442360851958,-0.3491
495.83445417372747,114.70151182916996,0.2999433610712572,-0.3491
494.53061176476234,115.37084875856911,0.2999424879052412,-0.3491
493.999936,115.643275,0.2999416150138927,-0.3491
493.999936,115.643275,0.2999407446732789,-0.3491
493.999936,115.643275,0.2999398761096472,-0.3491
493.999936,115.643275,0.2999390064449017,-0.3491
493.999936,115.643275,0.2999381390494591,-0.3491
493.999936,115.643275,0.2999372744067159,-0.3491
493.999936,115.643275,0.2999364100417097,-0.3491
493.999936,115.643275,0.2999355468224394,-0.3491
493.999936,115.643275,0.2999346875183164,-0.3491
493.999936,115.643275,0.2999338270126941,-0.3491
493.999936,115.643275,0.2999329699123336,-0.3491
493.999936,115.643275,0.2999321139116659,-0.3491
493.999936,115.643275,0.2999312604743522,-0.3491
493.999936,115.643275,0.2999304073470057,-0.3491
493.999936,115.643275,0.2999295558056474,-0.3491
493.999936,115.643275,0.2999287057855895,-0.3491
493.999936,115.643275,0.2999278612727494,-0.3491
493.999936,115.643275,0.2999270162324023,-0.3491
493.999936,115.643275,0.2999261718186972,-0.3491
493.999936,115.643275,0.299925330418489,-0.3491
493.999936,115.643275,0.2999244917044166,-0.3491
493.999936,115.643275,0.2999236553484365,-0.3491
493.999936,115.643275,0.2999228180901241,-0.3491
493.999936,115.643275,0.2999219858172637,-0.3491
493.999936,115.643275,0.299921154488004,-0.3491
493.999936,115.643275,0.2999203257749627,-0.3491
493.23787801220993,115.98585761105285,0.2999194993387277,-0.3491
491.8752421692544,116.5984295576414,0.2999186775111866,-0.3491
490.511893162439,117.21132210652155,0.2999178544019969,-0.3491
489.14788758347873,117.82450981692921,0.2999170339659827,-0.3491
487.78328236999687,118.4379670925975,0.29991621669609,-0.3491
486.41813435368846,119.05166838487948,0.2999154017935552,-0.3491
485.05250072024285,119.66558798599027,0.2999145890535715,-0.3491
483.68643870973875,120.27970016369443,0.29991377923767,-0.3491
482.32000587186945,120.89397904656938,0.2999129716789639,-0.3491
480.9532598047438,121.50839874142746,0.2999121669276405,-0.3491
479.58625843880895,122.12293320567846,0.2999113655874339,-0.3491
478.2190597799562,122.73755636281645,0.299910565612322,-0.3491
477.398363,123.1065,0.299909766214057,-0.3491
477.398363,123.1065,0.2999089724582973,-0.3491
477.398363,123.1065,0.2999081812391182,-0.3491
477.398363,123.1065,0.2999073930905638,-0.3491
477.398363,123.1065,0.2999066076360464,-0.3491
477.398363,123.1065,0.2999058239314536,-0.3491
477.398363,123.1065,0.2999050416093496,-0.3491
477.398363,123.1065,0.2999042652064076,-0.3491
477.398363,123.1065,0.299903490535371,-0.3491
477.398363,123.1065,0.2999027204506888,-0.3491
477.398363,123.1065,0.299901950008234,-0.3491
477.398363,123.1065,0.2999011863257124,-0.3491
477.398363,123.1065,0.2999004245299375,-0.3491
477.398363,123.1065,0.2998996646454657,-0.3491
477.398363,123.1065,0.2998989077582337,-0.3491
477.398363,123.1065,0.2998981538003136,-0.3491
477.398363,123.1065,0.2998974065987454,-0.3491
477.398363,123.1065,0.299896659146043,-0.3491
477.398363,123.1065,0.2998959163772952,-0.3491
477.398363,123.1065,0.2998951776525018,-0.3491
477.398363,123.1065,0.2998944420663747,-0.3491
477.398363,123.1065,0.299893707273327,-0.3491
477.398363,123.1065,0.2998929786782582,-0.3491
477.398363,123.1065,0.2998922523352689,-0.3491
477.398363,123.1065,0.2998915325151188,-0.3491
477.398363,123.1065,0.2998908130841187,-0.3491
477.398363,123.1065,0.2998900959194088,-0.3491
477.398363,123.1065,0.2998893837798277,-0.3491
477.398363,123.1065,0.2998886772325022,-0.3491
477.398363,123.1065,0.2998879727056192,-0.3491
477.398363,123.1065,0.2998872724452894,-0.3491
477.398363,123.1065,0.2998865744019099,-0.3491
477.398363,123.1065,0.2998858812210301,-0.3491
477.398363,123.1065,0.2998851894357699,-0.3491
477.398363,123.1065,0.2998845015427491,-0.3490988
477.398363,123.1065,0.2998838182278405,-0.349074
477.398363,123.1065,0.2998831392225156,-0.3490021
477.398363,123.1065,0.2998824637862753,-0.3488592
476.82875931234486,123.31219022451349,0.2998817891280509,-0.3486183
475.4377874861795,123.81448561588233,0.2998811211060115,-0.3482722
474.04820359869484,124.31627980716236,0.2998804554194976,-0.3478067
472.66004509188423,124.81755927763349,0.299879789579677,-0.347202
471.27334811696727,125.3183109726884,0.2998791318854614,-0.3464635
469.88814813475744,125.81852208703306,0.2998784773134844,-0.3456149
468.5044792719655,126.3181802971328,0.2998778253961518,-0.3446557
467.1223746884892,126.81727362857991,0.2998771777498064,-0.3435948
465.74186664191535,127.31579043280107,0.2998765333376241,-0.3424305
464.3629861220407,127.81371951903618,0.2998758907404522,-0.3411364
462.985763619604,128.3110498767405,0.2998752524207475,-0.3397208
461.61022780440294,128.80777115293128,0.2998746176648978,-0.3381766
461.461875,128.861343,0.2998739863987794,-0.3365172
461.461875,128.861343,0.2998733588258346,-0.3347468
461.461875,128.861343,0.2998727364398519,-0.3328484
461.461875,128.861343,0.2998721152798111,-0.3308426
461.461875,128.861343,0.2998714981700914,-0.3287361
461.461875,128.861343,0.2998708837196204,-0.3264909
461.461875,128.861343,0.2998702735449683,-0.3241292
461.461875,128.861343,0.2998696651730483,-0.3216712
461.461875,128.861343,0.2998690623346647,-0.3190857
461.461875,128.861343,0.2998684613414752,-0.3163702
461.461875,128.861343,0.2998678642279628,-0.3135354
461.461875,128.861343,0.2998672716410056,-0.3106551
461.461875,128.861343,0.2998666795865006,-0.3077748
461.461875,128.861343,0.299866093135563,-0.3048887
461.461875,128.861343,0.299865507903803,-0.301993
461.461875,128.861343,0.2998649286138288,-0.2990951
461.461875,128.861343,0.2998643520627411,-0.2961995
461.461875,128.861343,0.2998637757571032,-0.2932717
461.461875,128.861343,0.2998632069417226,-0.2903452
461.461875,128.861343,0.2998626391909624,-0.2874427
461.461875,128.861343,0.2998620748624603,-0.2845511
461.461875,128.861343,0.29986151280076,-0.2816632
461.461875,128.861343,0.2998609543288353,-0.278776
461.461875,128.861343,0.2998603992213589,-0.2758846
461.461875,128.861343,0.2998598480629653,-0.2729977
461.461875,128.861343,0.2998592988825521,-0.2701052
461.461875,128.861343,0.2998587539220807,-0.2671768
461.461875,128.861343,0.2998582092791366,-0.2642395
461.461875,128.861343,0.2998576680876113,-0.2613314
461.461875,128.861343,0.2998571332910842,-0.258447
461.461875,128.861343,0.2998565986407016,-0.2555653
461.461875,128.861343,0.299856067997041,-0.2526895
461.461875,128.861343,0.2998555406381911,-0.2498105
461.461875,128.861343,0.2998550153589008,-0.2469259
461.461875,128.861343,0.2998544937473753,-0.244037
461.461875,128.861343,0.2998539736004204,-0.241115
461.461875,128.861343,0.2998534568305899,-0.2382021
461.461875,128.861343,0.2998529453734591,-0.2353066
461.461875,128.861343,0.2998524351456808,-0.2324238
461.461875,128.861343,0.2998519255354495,-0.2295543
461.461875,128.861343,0.299851421754056,-0.2267095
461.461875,128.861343,0.2998509177614892,-0.2238595
461.461875,128.861343,0.2998504188787478,-0.2209712
460.3275461570268,129.165528701155,0.2998499227344382,-0.218084
458.96241499615763,129.53160718175602,0.2998494270443643,-0.2152015
457.5989992497147,129.89722565065648,0.2998489355150582,-0.2123288
456.23729397118063,130.26238543433232,0.2998484464250168,-0.2094627
454.87729366811396,130.62708800565636,0.2998479602059092,-0.2066022
453.5189922981634,130.99133498496724,0.2998474765752803,-0.2037424
452.16238299767906,131.355128212846,0.299846995094299,-0.2008797
450.80745846446354,131.71846964747618,0.2998465157266423,-0.198005
449.45421080938024,132.081361404437,0.2998460383107613,-0.1951019
448.1026314092619,132.44380579614798,0.2998455663030768,-0.1922586
446.7527111604618,132.80580526387578,0.2998450930911076,-0.1895113
445.4044405061283,133.1673623704201,0.2998446247670472,-0.1868741
444.593918,133.384715,0.2998441584422835,-0.1843442
444.593918,133.384715,0.299843694236813,-0.1819138
444.593918,133.384715,0.2998432331549452,-0.1795854
444.593918,133.384715,0.2998427717167828,-0.1774016
444.593918,133.384715,0.2998423139935653,-0.1753228
444.593918,133.384715,0.2998418604115045,-0.1733524
444.593918,133.384715,0.2998414062678876,-0.1715031
444.593918,133.384715,0.2998409553829333,-0.1697619
444.593918,133.384715,0.29984050588547,-0.1681206
444.593918,133.384715,0.2998400579403437,-0.1665765
444.593918,133.384715,0.2998396138755197,-0.165163
444.593918,133.384715,0.2998391714376112,-0.1638871
444.593918,133.384715,0.2998387305886467,-0.1627157
444.593918,133.384715,0.2998382907564405,-0.161646
444.593918,133.384715,0.2998378553193674,-0.1606829
444.593918,133.384715,0.2998374196642999,-0.1598234
444.593918,133.384715,0.2998369875788853,-0.1591061
444.593918,133.384715,0.2998365557999136,-0.1584882
444.593918,133.384715,0.2998361254740871,-0.1579823
444.593918,133.384715,0.2998356973515115,-0.1576055
444.593918,133.384715,0.2998352716371073,-0.1573397
444.593918,133.384715,0.2998348490830835,-0.1571786
444.593918,133.384715,0.2998344268234518,-0.1571142
444.593918,133.384715,0.2998340059932047,-0.157101
444.593918,133.384715,0.2998335863484271,-0.1571
444.593918,133.384715,0.2998331696057335,-0.1571
444.593918,133.384715,0.2998327528311506,-0.1571
444.593918,133.384715,0.2998323407028351,-0.1571
444.593918,133.384715,0.29983192565021,-0.1571
444.593918,133.384715,0.2998315144603793,-0.1571
444.593918,133.384715,0.2998311060502487,-0.1571
444.593918,133.384715,0.2998306975782157,-0.1571
444.593918,133.384715,0.2998302889188835,-0.1571
444.593918,133.384715,0.2998298843352245,-0.1571
444.593918,133.384715,0.2998294786556812,-0.1571
444.593918,133.384715,0.2998290777256898,-0.1571
444.593918,133.384715,0.2998286764176896,-0.1571
444.593918,133.384715,0.2998282745549545,-0.1571
444.593918,133.384715,0.2998278751140333,-0.1571
444.593918,133.384715,0.2998274781449481,-0.1571
444.0571572281319,133.4841574706239,0.2998270815703563,-0.1571
442.69292411762603,133.73690081202628,0.2998266873959778,-0.1571
441.329478866744,133.98949819136953,0.2998262936668538,-0.1571
439.9668191247468,134.24195004416111,0.2998258984606536,-0.1571
438.6049493481311,134.49425554477244,0.2998255075740985,-0.1571
437.24387660865784,134.74641338306049,0.2998251159175424,-0.1571
435.88360847966135,134.9984221559587,0.2998247266424982,-0.1571
434.5241523920719,135.2502804867829,0.2998243379805103,-0.1571
433.1655159335784,135.5019869698072,0.299823948954895,-0.1571
431.8077068073776,135.75354017790616,0.2998235645135878,-0.1571
430.4507325242775,136.0049387195972,0.2998231788212138,-0.1571
429.0946010413015,136.25618112072993,0.2998227946197289,-0.1571
427.7393199647245,136.50726597213517,0.2998224103194502,-0.1571
426.38489707721357,136.7581918319645,0.2998220305793779,-0.1571
425.982789,136.832688,0.2998216496545183,-0.1571
425.982789,136.832688,0.2998212715529007,-0.1571
425.982789,136.832688,0.2998208933135515,-0.1571
425.982789,136.832688,0.2998205163564762,-0.1571
425.982789,136.832688,0.2998201391893644,-0.1571
425.982789,136.832688,0.2998197665673388,-0.1571
425.982789,136.832688,0.2998193936002167,-0.1571
425.982789,136.832688,0.2998190219688581,-0.1571
425.982789,136.832688,0.2998186527961479,-0.1571
425.982789,136.832688,0.2998182815505288,-0.1571
425.982789,136.832688,0.299817912717458,-0.1571
425.982789,136.832688,0.2998175474699565,-0.1571
425.982789,136.832688,0.2998171812691339,-0.1571
425.982789,136.832688,0.2998168179757954,-0.1571
425.982789,136.832688,0.2998164553487754,-0.1571
425.982789,136.832688,0.2998160923044111,-0.1571
425.982789,136.832688,0.2998157345379582,-0.1571
425.982789,136.832688,0.2998153746618186,-0.1571
425.982789,136.832688,0.2998150174682337,-0.1571
425.982789,136.832688,0.299814662991821,-0.1571
425.982789,136.832688,0.2998143077516033,-0.1571
425.982789,136.832688,0.2998139546227207,-0.1571
425.982789,136.832688,0.2998136030723231,-0.1571
425.982789,136.832688,0.2998132528814494,-0.1571
425.982789,136.832688,0.2998129037365515,-0.1571
425.982789,136.832688,0.2998125542975458,-0.1571
425.982789,136.832688,0.299812209547099,-0.1571
425.982789,136.832688,0.2998118661693638,-0.1571
425.982789,136.832688,0.2998115225553306,-0.1571
425.982789,136.832688,0.2998111810872501,-0.1571
425.982789,136.832688,0.2998108411783278,-0.1571
425.982789,136.832688,0.2998105022873005,-0.1571
425.982789,136.832688,0.299810165993847,-0.1571
425.982789,136.832688,0.2998098294777946,-0.1571
425.982789,136.832688,0.2998094953402415,-0.1571
425.982789,136.832688,0.2998091649138246,-0.1571
425.982789,136.832688,0.2998088326262973,-0.1571
425.982789,136.832688,0.2998085021105225,-0.1571
424.672569588225,136.9718644825913,0.2998081757550039,-0.1571
423.29702906034686,137.1179796222475,0.2998078498798691,-0.1571
421.92259442790356,137.2639772894901,0.29980752614523,-0.1571
420.54927671433126,137.40985631336775,0.2998072022945166,-0.1571
419.177086639876,137.55561555513523,0.2998068794814799,-0.1571
417.8060354328208,137.70125382208164,0.2998065607771991,-0.1571
416.4361340140409,137.84676995415018,0.2998062434181747,-0.1571
415.0673935985395,137.99216276004054,0.299805924815189,-0.1571
413.6998254078327,138.1374310477607,0.2998056123479955,-0.1571
412.3334409405461,138.282573595883,0.2998052977992529,-0.1571
410.9682513952157,138.42758921485637,0.2998049872210799,-0.1571
409.6042684853512,138.57247666042733,0.2998046787652129,-0.1571
408.24150369785775,138.71723471241316,0.2998043694968828,-0.1571
406.87996864135846,138.86186213770185,0.2998040627600176,-0.1571
406.669358,138.884234,0.2998037586327768,-0.1571
406.669358,138.884234,0.2998034565052876,-0.1571
406.669358,138.884234,0.2998031547567166,-0.1571
406.669358,138.884234,0.2998028569839448,-0.1571
406.669358,138.884234,0.2998025578972942,-0.1571
406.669358,138.884234,0.2998022622237499,-0.1571
406.669358,138.884234,0.2998019669056475,-0.1571
406.669358,138.884234,0.2998016750557895,-0.1571
406.669358,138.884234,0.2998013845413538,-0.1571
406.669358,138.884234,0.2998010968086078,-0.1571
406.669358,138.884234,0.2998008092205282,-0.1571
406.669358,138.884234,0.2998005246201956,-0.1571
406.669358,138.884234,0.2998002414637426,-0.1571
406.669358,138.884234,0.2997999587240656,-0.1571
406.669358,138.884234,0.299799680655326,-0.1571
406.669358,138.884234,0.2997994030536688,-0.1571
406.669358,138.884234,0.2997991279010534,-0.1571
406.669358,138.884234,0.2997988520944545,-0.1571
406.669358,138.884234,0.2997985823042199,-0.1571
406.669358,138.884234,0.2997983114897806,-0.1571
406.669358,138.884234,0.2997980442706875,-0.1571
406.669358,138.884234,0.2997977768843043,-0.1571
406.669358,138.884234,0.2997975129961219,-0.1571
406.669358,138.884234,0.2997972507517943,-0.1571
406.669358,138.884234,0.2997969907648325,-0.1571
406.669358,138.884234,0.2997967303016935,-0.1571
406.669358,138.884234,0.2997964751994573,-0.1571
406.669358,138.884234,0.2997962215756047,-0.1571
406.669358,138.884234,0.2997959679650535,-0.1571
406.669358,138.884234,0.2997957173809027,-0.1571
406.669358,138.884234,0.2997954670497051,-0.1571
406.669358,138.884234,0.2997952230672354,-0.1571
406.669358,138.884234,0.2997949778458633,-0.1571
406.669358,138.884234,0.299794735086266,-0.1571
406.669358,138.884234,0.2997944957253935,-0.1571
406.669358,138.884234,0.2997942566522056,-0.1571
406.669358,138.884234,0.2997940212145522,-0.1571
405.7087759892801,138.9100588689839,0.2997937867123141,-0.1571
404.3450920840451,138.9467209736196,0.2997935547028305,-0.1571
402.98292876270943,138.9833421979561,0.2997933254437726,-0.1571
401.62230069733897,139.01992214754074,0.299793097440272,-0.1571
400.26322256266457,139.05646042784912,0.2997928718222624,-0.1571
398.9057090378891,139.09295664423666,0.2997926500581798,-0.1571
397.5497751922462,139.12941039157297,0.2997924277496508,-0.1571
396.195435899184,139.16582126999126,0.2997922099499988,-0.1571
394.8427062263481,139.20218887440376,0.2997919921072594,-0.1571
393.4916014438616,139.23851279427927,0.2997917764794238,-0.1571
392.1421369228194,139.27479261637197,0.299791563635722,-0.1571
390.7943279248957,139.31102793037775,0.2997913524246769,-0.1571
389.4481901157344,139.3472183151319,0.2997911456306497,-0.1571
388.1037390572813,139.3833633522577,0.2997909407029624,-0.1571
387.645051,139.395695,0.299790736275952,-0.1571
387.645051,139.395695,0.2997905333163544,-0.1571
387.645051,139.395695,0.2997903348201021,-0.1571
387.645051,139.395695,0.2997901381019119,-0.1571
387.645051,139.395695,0.2997899428887649,-0.1571
387.645051,139.395695,0.2997897509756058,-0.1571
387.645051,139.395695,0.2997895608119734,-0.1571
387.645051,139.395695,0.2997893741517146,-0.1571
387.645051,139.395695,0.2997891893422775,-0.1571
387.645051,139.395695,0.2997890050971818,-0.1571
387.645051,139.395695,0.299788825487326,-0.1571
387.645051,139.395695,0.2997886467418311,-0.1571
387.645051,139.395695,0.2997884705758338,-0.1571
387.645051,139.395695,0.2997882972942989,-0.1571
387.645051,139.395695,0.2997881249049214,-0.1571
387.645051,139.395695,0.2997879561775107,-0.1571
387.645051,139.395695,0.2997877911036539,-0.1571
387.645051,139.395695,0.2997876266925345,-0.1571
387.645051,139.395695,0.2997874630678439,-0.1571
387.645051,139.395695,0.2997873060213578,-0.1571
387.645051,139.395695,0.2997871485832775,-0.1571
387.645051,139.395695,0.2997869945860998,-0.1571
387.645051,139.395695,0.2997868418765392,-0.1571
387.645051,139.395695,0.2997866930751911,-0.1571
387.645051,139.395695,0.2997865467878,-0.1571
387.645051,139.395695,0.2997864018851714,-0.1571
387.645051,139.395695,0.2997862597302969,-0.1571
387.645051,139.395695,0.2997861220746358,-0.1571
387.645051,139.395695,0.2997859847188238,-0.1571
387.645051,139.395695,0.2997858499598465,-0.1571
387.645051,139.395695,0.2997857191836033,-0.1571
387.645051,139.395695,0.2997855907433404,-0.1571
387.645051,139.395695,0.2997854638667263,-0.1571
387.645051,139.395695,0.2997853400839858,-0.1571
387.645051,139.395695,0.2997852192956429,-0.1571
387.645051,139.395695,0.2997851021924589,-0.1571
387.645051,139.395695,0.2997849843478093,-0.1571
387.645051,139.395695,0.2997848719380158,-0.1571
387.645051,139.395695,0.2997847614249735,-0.1571
387.645051,139.395695,0.2997846540839077,-0.1571
387.645051,139.395695,0.299784549626338,-0.1571
387.645051,139.395695,0.299784447977288,-0.1571
387.645051,139.395695,0.2997843484608893,-0.1571
386.62895762051306,139.32725808391393,0.2997842506605366,-0.1571
385.3095708185371,139.23839345230158,0.2997841570506239,-0.1571
383.9923993690562,139.14967803127936,0.2997840662645217,-0.1571
382.6774664879703,139.06111338450734,0.2997839779538367,-0.1571
381.3647954655683,138.9727010806558,0.2997838937320125,-0.1571
380.0544106168785,138.8844427574144,0.2997838114118281,-0.1571
378.7463367477544,138.79634008553123,0.2997837314277376,-0.1571
377.44059310681735,138.7083943614583,0.299783655037686,-0.1571
376.1371950917192,138.6206066222733,0.299783580850999,-0.1571
374.83615662754255,138.53297780587206,0.2997835087847988,-0.1571
373.5374917576095,138.44550885811412,0.2997834426116128,-0.1571
372.24121441745143,138.3582007175991,0.2997833749000165,-0.1571
370.9473386490063,138.2710543300933,0.299783313639125,-0.1571
369.65587839716727,138.1840706348268,0.299783253915109,-0.1571
368.366847794014,138.09725058363733,0.2997831968621085,-0.1571
367.632395,138.047783,0.2997831430255928,-0.1571
367.632395,138.047783,0.2997830922682283,-0.1571
367.632395,138.047783,0.2997830449922389,-0.1571
367.632395,138.047783,0.2997829991857088,-0.1571
367.632395,138.047783,0.2997829570549015,-0.1571
367.632395,138.047783,0.2997829169995611,-0.1571
367.632395,138.047783,0.2997828800423008,-0.1571
367.632395,138.047783,0.2997828454788305,-0.1571
367.632395,138.047783,0.2997828152255124,-0.1571
367.632395,138.047783,0.2997827873136316,-0.1571
367.632395,138.047783,0.2997827626978164,-0.1571
367.632395,138.047783,0.2997827384624543,-0.1571
367.632395,138.047783,0.299782719394102,-0.1571
367.632395,138.047783,0.2997827030784492,-0.1571
367.632395,138.047783,0.2997826906613454,-0.1571
367.632395,138.047783,0.2997826795402147,-0.1571
367.632395,138.047783,0.2997826707106696,-0.1571
367.632395,138.047783,0.2997826681737479,-0.1571
367.632395,138.047783,0.2997826650696424,-0.1571
367.632395,138.047783,0.2997826657318114,-0.1571
367.632395,138.047783,0.2997826701177928,-0.1571
367.632395,138.047783,0.2997826749628984,-0.1571
367.632395,138.047783,0.2997826862073225,-0.1571
367.632395,138.047783,0.29978269782805,-0.1571
367.632395,138.047783,0.2997827139853939,-0.1571
367.632395,138.047783,0.2997827315619474,-0.1571
367.632395,138.047783,0.2997827538637807,-0.1571
367.632395,138.047783,0.2997827764337444,-0.1571
367.632395,138.047783,0.2997828053163403,-0.1571
